Fund_DETAIL/id,Fund_DETAIL/epf/status,Fund_DETAIL/epf/approved,Fund_DETAIL/docs/0/name,Fund_DETAIL/docs/0/path,Fund_DETAIL/docs/1/name,Fund_DETAIL/docs/1/path,Fund_DETAIL/docs/2/name,Fund_DETAIL/docs/2/path,Fund_DETAIL/docs/3/name,Fund_DETAIL/docs/3/path,Fund_DETAIL/utmc,Fund_DETAIL/MANDT,Fund_DETAIL/is_fea,Fund_DETAIL/amp_fee,Fund_DETAIL/trustee,Fund_DETAIL/age_group,Fund_DETAIL/fund_abbr,Fund_DETAIL/fund_code,Fund_DETAIL/fund_name,Fund_DETAIL/fund_type,Fund_DETAIL/fund_class,Fund_DETAIL/is_syariah,Fund_DETAIL/fel_sharing,Fund_DETAIL/fund_status,Fund_DETAIL/issue_price,Fund_DETAIL/lipper_code,Fund_DETAIL/performance,Fund_DETAIL/cut_off_time/redemption,Fund_DETAIL/iop_end_date,Fund_DETAIL/sales_charge/epf/maximum,Fund_DETAIL/sales_charge/epf/minimum,Fund_DETAIL/sales_charge/cash/maximum,Fund_DETAIL/sales_charge/cash/minimum,Fund_DETAIL/cool_off_days,Fund_DETAIL/fund_category,Fund_DETAIL/gst_parameter,Fund_DETAIL/maturity_date,Fund_DETAIL/minimum_units/redemption,Fund_DETAIL/minimum_units/switch_out,Fund_DETAIL/minimum_units/transfer_out,Fund_DETAIL/minimum_units/balance_holdings,Fund_DETAIL/risk_category,Fund_DETAIL/switching_fee,Fund_DETAIL/top_up_amount/epf/maximum,Fund_DETAIL/top_up_amount/epf/minimum,Fund_DETAIL/top_up_amount/cash/maximum,Fund_DETAIL/top_up_amount/cash/minimum,Fund_DETAIL/dedicated_fund,Fund_DETAIL/distributed_by,Fund_DETAIL/fund_objective,Fund_DETAIL/is_aip_allowed,Fund_DETAIL/switching_type,Fund_DETAIL/toms_fund_abbr,Fund_DETAIL/exit_fee_charge/epf/amount,Fund_DETAIL/exit_fee_charge/epf/percent,Fund_DETAIL/exit_fee_charge/cash/amount,Fund_DETAIL/exit_fee_charge/cash/percent,Fund_DETAIL/fund_start_date,Fund_DETAIL/is_conventional,Fund_DETAIL/redemption_type,Fund_DETAIL/settlement_date/sales,Fund_DETAIL/settlement_date/switching,Fund_DETAIL/settlement_date/redemption,Fund_DETAIL/switching_group,Fund_DETAIL/fund_description/closed_end,Fund_DETAIL/fund_description/distribution,Fund_DETAIL/new_sales_amount/epf/maximum,Fund_DETAIL/new_sales_amount/epf/minimum,Fund_DETAIL/new_sales_amount/cash/maximum,Fund_DETAIL/new_sales_amount/cash/minimum,Fund_DETAIL/non_business_day/to_date,Fund_DETAIL/non_business_day/from_date,Fund_DETAIL/transfer_fee_prs,Fund_DETAIL/annual_trustee_fee,Fund_DETAIL/batch_cut_off_time/sales,Fund_DETAIL/batch_cut_off_time/redemption,Fund_DETAIL/fund_base_currency,Fund_DETAIL/money_sighted_fund,Fund_DETAIL/fund_class_currency,Fund_DETAIL/income_distribution/instruction,Fund_DETAIL/income_distribution/minimum_amount,Fund_DETAIL/income_distribution/dividend_timing,Fund_DETAIL/income_distribution/daily_distribution,Fund_DETAIL/master_cut_off_time,Fund_DETAIL/sc_processing_group,Fund_DETAIL/annual_management_fee,Fund_DETAIL/commercial_start_date,Fund_DETAIL/difference_fund_price,Fund_DETAIL/fund_processing_group,Fund_DETAIL/transactions_after_iop/allow,Fund_DETAIL/transactions_after_iop/transfer,Fund_DETAIL/transactions_after_iop/new_sales,Fund_DETAIL/transactions_after_iop/switch_in,Fund_DETAIL/transactions_after_iop/redemption,Fund_DETAIL/transactions_after_iop/switch_out,Fund_DETAIL/transactions_after_iop/top_up_sales,Fund_DETAIL/transactions_after_iop/redemption_cool_off,Fund_DETAIL/fund_alternate_category,Fund_DETAIL/min_transfer_prs_out_units,Fund_DETAIL/min_topup_transfer_prs_in_amount,Fund_DETAIL/min_initial_transfer_prs_in_amount,Fund_DETAIL/landing_fund,Fund_DETAIL/transfer_fee,Fund_DETAIL/minimum_switch_in_units/top_up_epf,Fund_DETAIL/minimum_switch_in_units/new_sales_epf,Fund_DETAIL/minimum_switch_in_units/top_up_non_epf,Fund_DETAIL/minimum_switch_in_units/new_sales_non_epf
462,CLOSED,false,prospectus,products/462/1610106541/KGFS2MYR PI.pdf,annual,products/462/1610106541/KGFS2MYR AR.pdf,highlights,products/KGFS2MYR/1634023445/KGFS2MYR PHS.pdf,fact,products/KGFS2MYR/1635319478/KGFS2MYR FFS.pdf,KENANGA INVESTORS BERHAD,KIB,false,,CIMB COMMERCE TRUSTEE BERHAD,,KGFS2,511,KENANGA GROWTH FUND SERIES 2,UTF,,false,,ACTIVE,,,2.65,04:00PM,1528214400,0,0,5.5,1.5,7,EQUITY,0,,500,500,0,500,High,,0,0,9999999999999,100,false,,The Fund aims to provide Unit Holders with long-term capital growth.,true,Unit Only,KGFS2MYR,0,0,0,0,1527436800,true,Unit Only,,,,GLOBAL,false,Retail,0,0,9999999999999,1000,-2209100125,-2209100125,,0.05,12:00PM/04:00PM,12:00PM/04:00PM,MYR,true,MYR,AS PER INVESTOR'S  INSTRUCTION,1,AFTER EOD,false,04:00PM,Option 1,1.8,,T+1,FOREIGN,true,true,true,true,true,true,true,true,,0,,,,,,,,
217,ACTIVE,true,prospectus,products/217/1610106541/LSEF PI.pdf,highlights,products/217/1610106541/LSEF PHS.pdf,annual,products/217/1610106541/LSEF AR.pdf,fact,products/LSEF/1634087846/LSEF FFS.pdf,KENANGA INVESTORS BERHAD,KIB,false,,MAYBANK TRUSTEES BERHAD,,KSEF,256,KENANGA SYARIAHEXTRA FUND,UTF,,true,,ACTIVE,,,4.83,04:00PM,828374400,3,1.5,5,1.5,7,BALANCE,0,,2000,2000,5000,5000,Medium,,9999999999999,1000,9999999999999,1000,false,,The Fund aims to provide investors with medium to long term capital appreciation through investments in specified asset classes by adopting a relatively balanced approach towards Shariah-compliant equities and Islamic fixed income exposures. The Fund aims to achieve capital growth with lower short term volatility than is normally associated with a pure equity fund.,true,Unit Only,LSEF,0,0,0,0,826560000,false,Unit Only,,,,LOCAL,false,Retail,9999999999999,5000,9999999999999,5000,-2209100125,-2209100125,,0.06,12:00PM/04:00PM,12:00PM/04:00PM,MYR,false,MYR,REINVEST ONLY,0,AFTER EOD,false,04:00PM,Option 1,1.5,,T,LOCAL,true,true,true,true,true,true,true,true,,5000,,,,,,,,
103,ACTIVE,true,prospectus,products/103/1610106541/KMIF PI.pdf,highlights,products/103/1610106541/KMIF PHS.pdf,annual,products/103/1610106541/KMIF AR.pdf,fact,products/KMIF/1634087846/KMIF FFS.pdf,KENANGA INVESTORS BERHAD,KIB,false,,CIMB COMMERCE TRUSTEE BERHAD,,KMIF,128,KENANGA MALAYSIAN INC FUND,UTF,,false,,ACTIVE,,,9.98,04:00PM,1340985600,3,1.5,5.5,1.5,7,EQUITY,0,,500,500,500,500,High,,9999999999999,1000,9999999999999,100,false,,"The investment objective of KMIF is to provide consistent annual returns and medium to long-term
capital appreciation by investing in Malaysian securities with global reach.",true,Unit Only,KMIF,0,0,0,0,1340985600,true,Unit Only,,,,GLOBAL,false,Retail,9999999999999,1000,9999999999999,1000,-2209100125,-2209100125,,0.05,12:00PM/04:00PM,12:00PM/04:00PM,MYR,false,MYR,REINVEST ONLY,0,AFTER EOD,false,04:00PM,Option 1,1.8,,T+1,FOREIGN,true,true,true,true,true,true,true,true,,500,,,,,,,,
95,ACTIVE,true,prospectus,products/95/1610106541/KBF PI.pdf,highlights,products/95/1610106541/KBF PHS.pdf,annual,products/95/1610106541/KBF AR.pdf,fact,products/KBF/1635319478/KBF FFS.pdf,KENANGA INVESTORS BERHAD,KIB,false,,CIMB COMMERCE TRUSTEE BERHAD,,KBF,120,KENANGA BALANCED FUND,UTF,,false,,ACTIVE,,,4.16,04:00PM,1340985600,3,1.5,5.5,1.5,7,BALANCE,0,,500,500,500,500,Medium,,9999999999999,1000,9999999999999,100,false,,KBF aims to provide a portfolio of investments with lower risk and lower volatility for investors.,false,Unit Only,KBF,0,0,0,0,1340985600,true,Unit Only,,,,LOCAL,false,Retail,9999999999999,1000,9999999999999,1000,-2209100125,-2209100125,,0.05,12:00PM/04:00PM,12:00PM/04:00PM,MYR,false,MYR,AS PER INVESTOR'S  INSTRUCTION,250,AFTER EOD,false,04:00PM,Option 1,1.5,,T,LOCAL,true,true,true,true,true,true,true,true,,500,,,,,,,,
29,ACTIVE,true,prospectus,products/29/1610106541/LASNITABON PI.pdf,highlights,products/29/1610106541/LASNITABON PHS.pdf,annual,products/29/1610106541/LASNITABON AR.pdf,fact,products/LASNITABON/1634087846/LASNITABON FFS.pdf,KENANGA INVESTORS BERHAD,KIB,false,,CIMB ISLAMIC TRUSTEE BERHAD,,KABF,46,KENANGA ASNITABOND FUND,UTF,,true,,ACTIVE,,,9.68,04:00PM,1112198400,3,1.5,5,1.5,7,FIXED INCOME,0,,2000,2000,5000,5000,Low,,9999999999999,1000,9999999999999,1000,false,,"The Fund aims to provide capital preservation1 with regular income2 over the short to medium term period by investing in Islamic money market instruments and sukuk. 
Note:
1 Unit Holders are to note that this is not a capital guaranteed nor protected Fund. Unit Holders’ capital is neither guaranteed nor protected.
2 All income distribution will be automatically reinvested into additional Units.",true,Unit Only,LASNITABON,0,0,0,0,1111075200,false,Unit Only,,,,LOCAL,false,Retail,9999999999999,5000,9999999999999,5000,-2209100125,-2209100125,,0,12:00PM/04:00PM,12:00PM/04:00PM,MYR,false,MYR,REINVEST ONLY,0,AFTER EOD,false,04:00PM,Option 1,1.15,,T,LOCAL,true,true,true,true,true,true,true,true,,5000,,,,,,,,
26,ACTIVE,true,prospectus,products/26/1610106541/KSGF PI.pdf,annual,products/26/1610106541/KSGF AR.pdf,highlights,products/KSGF/1634023445/KSGF PHS.pdf,fact,products/KSGF/1634087846/KSGF FFS.pdf,KENANGA INVESTORS BERHAD,KIB,false,,CIMB ISLAMIC TRUSTEE BERHAD,,KSGF,43,KENANGA SYARIAH GROWTH FUND,UTF,,true,,ACTIVE,,,6.52,04:00PM,1341072000,3,1.5,5.5,1.5,7,EQUITY,0,,500,500,0,500,High,,9999999999999,1000,9999999999999,100,false,,KSGF aims to provide Unit Holders with long-term capital growth by investing principally in equities that comply with Shariah requirements.,true,Unit Only,KSGF,0,0,0,0,1340985600,false,Unit Only,,,,LOCAL,false,Retail,9999999999999,1000,9999999999999,1000,-2209100125,-2209100125,,0.05,12:00PM/04:00PM,12:00PM/04:00PM,MYR,false,MYR,AS PER INVESTOR'S  INSTRUCTION,250,AFTER EOD,false,04:00PM,Option 1,1.5,,T,LOCAL,true,true,true,true,true,true,true,true,,0,,,,,,,,
25,ACTIVE,true,prospectus,products/25/1610106541/KGF PI.pdf,annual,products/25/1610106541/KGF AR.pdf,highlights,products/KGF/1634023445/KGF PHS.pdf,fact,products/KGF/1635319478/KGF FFS.pdf,KENANGA INVESTORS BERHAD,KIB,false,,CIMB COMMERCE TRUSTEE BERHAD,,KGF,42,KENANGA GROWTH FUND,UTF,,false,,ACTIVE,,,8.40,04:00PM,1340985600,3,1.5,5.5,1.5,7,EQUITY,0,,500,500,0,499,High,,9999999999999,1000,9999999999999,100,false,,KGF aims to provide Unit Holders with long-term capital growth.,true,Unit Only,KGF,0,0,0,0,1340985600,true,Unit Only,,,,GLOBAL,false,Retail,9999999999999,1000,9999999999999,1000,-2209100125,-2209100125,,0.05,12:00PM/04:00PM,12:00PM/04:00PM,MYR,false,MYR,AS PER INVESTOR'S  INSTRUCTION,250,AFTER EOD,false,04:00PM,Option 1,1.5,,T+1,FOREIGN,true,true,true,true,true,true,true,true,,0,,,,,,,,
7,ACTIVE,true,prospectus,products/7/1610106541/IHGO PI.pdf,highlights,products/7/1610106541/IHGO PHS.pdf,annual,products/7/1610106541/IHGO AR.pdf,fact,products/IHGO/1635319478/IHGO FFS.pdf,KENANGA INVESTORS BERHAD,KIB,false,,CIMB COMMERCE TRUSTEE BERHAD,,KGOF,7,KENANGA GROWTH OPPORTUNITIES FUND,UTF,,false,,ACTIVE,,,5.51,04:00PM,1084464000,3,1.5,5.5,1.5,7,EQUITY,0,,500,500,500,500,High,,9999999999999,1000,99999999999,100,false,,"The Fund aims to achieve consistent capital appreciation over the long-term by primarily investing in relatively smaller capitalized companies^ with good growth prospects1.
^ Relatively smaller capitalized companies refers to companies with market capitalization of less than RM4 billion at the point of purchase.
1 Good growth prospects refers to companies with higher earnings growth than the market average.",true,Unit Only,IHGO,0,0,0,0,1082649600,true,Unit Only,,,,LOCAL,false,Retail,9999999999999,1000,99999999999,1000,-2209100125,-2209100125,,0.07,12:00PM/04:00PM,12:00PM/04:00PM,MYR,false,MYR,AS PER INVESTOR'S  INSTRUCTION,250,AFTER EOD,false,04:00PM,Option 1,1.55,,T,LOCAL,true,true,true,true,true,true,true,true,,500,,,,,,,,
6,ACTIVE,true,prospectus,products/6/1610106541/IAST PI.pdf,highlights,products/6/1610106541/IAST PHS.pdf,annual,products/6/1610106541/IAST AR.pdf,fact,products/IAST/1635319478/IAST FFS.pdf,KENANGA INVESTORS BERHAD,KIB,false,,CIMB COMMERCE TRUSTEE BERHAD,,KSGOF,6,KENANGA SHARIAH GROWTH OPPORTUNITIES FUND,UTF,,true,,ACTIVE,,,8.12,04:00PM,1084464000,3,1.5,5.5,1.5,7,EQUITY,0,,500,500,500,500,High,,9999999999999,1000,9999999999999,100,false,,"The Fund aims to achieve consistent capital appreciation over the long term by primarily investing in Shariah-compliant securities with good growth prospects*.
*Good growth prospects refers to companies with higher earnings growth than the market average.",true,Unit Only,IAST,0,0,0,0,1082649600,false,Unit Only,,,,LOCAL,false,Retail,9999999999999,1000,9999999999999,1000,-2209100125,-2209100125,,0.07,12:00PM/04:00PM,12:00PM/04:00PM,MYR,false,MYR,AS PER INVESTOR'S  INSTRUCTION,250,AFTER EOD,false,04:00PM,Option 1,1.55,,T,LOCAL,true,true,true,true,true,true,true,true,,500,,,,,,,,
463,CLOSED,false,prospectus,products/463/1610106541/KGFS2USD PI.pdf,annual,products/463/1610106541/KGFS2USD AR.pdf,highlights,products/KGFS2USD/1634023445/KGFS2USD PHS.pdf,fact,products/KGFS2USD/1635319478/KGFS2USD FFS.pdf,KENANGA INVESTORS BERHAD,KIB,false,,CIMB COMMERCE TRUSTEE BERHAD,,KGFS2,512,KENANGA GROWTH FUND SERIES 2,UTF,,false,,ACTIVE,,,3.13,04:00PM,1528214400,0,0,5.5,1.5,7,EQUITY,0,,100,100,0,100,High,,0,0,9999999999999,25,false,,The Fund aims to provide Unit Holders with long-term capital growth.,false,Unit Only,KGFS2USD,0,0,0,0,1527436800,true,Unit Only,,,,GLOBAL,false,Retail,0,0,9999999999999,250,-2209100125,-2209100125,,0.05,12:00PM/04:00PM,12:00PM/04:00PM,MYR,true,USD,AS PER INVESTOR'S  INSTRUCTION,1,AFTER EOD,false,04:00PM,Option 1,1.8,,T+1,FOREIGN,true,true,true,true,true,true,true,true,,0,,,,,,,,
1,SUSPENDED,false,prospectus,products/1/1610106541/IIP PI.pdf,highlights,products/1/1610106541/IIP PHS.pdf,annual,products/1/1610106541/IIP AR.pdf,fact,products/IIP/1635319478/IIP FFS.pdf,KENANGA INVESTORS BERHAD,KIB,false,,CIMB COMMERCE TRUSTEE BERHAD,,KIPF,1,KENANGA INCOME PLUS FUND,UTF,,false,,ACTIVE,,,6.19,04:00PM,1084464000,0,0,1.5,1.5,7,FIXED INCOME,0,,500,500,500,500,Low,,0,0,99999999999,100,false,,The Fund aims to provide investors with a regular income stream through investments in bonds and money market instruments.,true,Unit Only,IIP,0,0,0,0,1082649600,true,Unit Only,,,,LOCAL,false,Retail,0,0,99999999999,1000,-2209100125,-2209100125,,0.07,12:00PM/04:00PM,12:00PM/04:00PM,MYR,false,MYR,AS PER INVESTOR'S  INSTRUCTION,250,AFTER EOD,false,04:00PM,Option 1,1,,T,LOCAL,true,true,true,true,true,true,true,true,,500,,,,,,,,
2,SUSPENDED,false,,,,,,,,,KENANGA INVESTORS BERHAD,KIB,false,,CIMB COMMERCE TRUSTEE BERHAD,,KSBF,2,KENANGA SHARIAH BALANCED FUND,UTF,,true,,SUSPENDED,,,6.16,,1084464000,3,1.5,5.5,1.5,7,BALANCE,0,,9999999999999,9999999999999,500,500,Medium,,0,0,9999999999999,100,false,,"The Fund aims to achieve long-term* capital growth through diversified investments in equities, fixed income and money market instruments which are Shariah-compliant.",true,Unit Only,IAB,0,0,0,0,1082649600,false,Unit Only,,,,,false,Retail,0,0,9999999999999,1000,-2209100125,-2209100125,,0.07,,,MYR,false,MYR,AS PER INVESTOR'S  INSTRUCTION,250,AFTER EOD,false,,,1.55,,T,LOCAL,true,true,true,true,true,true,true,true,,500,,,,,,,,
3,ACTIVE,true,prospectus,products/3/1610106541/IRD PI.pdf,highlights,products/3/1610106541/IRD PHS.pdf,annual,products/3/1610106541/IRD AR.pdf,fact,products/IRD/1635319478/IRD FFS.pdf,KENANGA INVESTORS BERHAD,KIB,false,,CIMB COMMERCE TRUSTEE BERHAD,,KDF,3,KENANGA DIVERSIFIED FUND,UTF,,false,,ACTIVE,,,1.48,04:00PM,1084464000,3,1.5,5.5,1.5,7,BALANCE,0,,500,500,500,500,Medium,,9999999999999,1000,9999999999999,100,false,,This Fund aims to provide investors capital appreciation with stability of income over a medium to long-term investment horizon from a diversified investment portfolio.,true,Unit Only,IRD,0,0,0,0,1082649600,true,Unit Only,,,,LOCAL,false,Retail,9999999999999,1000,9999999999999,1000,-2209100125,-2209100125,,0.07,12:00PM/04:00PM,12:00PM/04:00PM,MYR,false,MYR,AS PER INVESTOR'S  INSTRUCTION,250,AFTER EOD,false,04:00PM,Option 1,1.55,,T,LOCAL,true,true,true,true,true,true,true,true,,500,,,,,,,,
4,ACTIVE,true,prospectus,products/4/1610106541/IMG PI.pdf,highlights,products/4/1610106541/IMG PHS.pdf,annual,products/4/1610106541/IMG AR.pdf,fact,products/IMG/1635319478/IMG FFS.pdf,KENANGA INVESTORS BERHAD,KIB,false,,CIMB COMMERCE TRUSTEE BERHAD,,KMGF,4,KENANGA MANAGED GROWTH FUND,UTF,,false,,ACTIVE,,,7.50,04:00PM,1084464000,3,1.5,5.5,1.5,7,BALANCE,0,,500,500,500,500,Medium,,9999999999999,1000,99999999999,100,false,,"The Fund aims to achieve long-term capital growth through diversified investments in
equities and bonds.",true,Unit Only,IMG,0,0,0,0,1082649600,true,Unit Only,,,,LOCAL,false,Retail,9999999999999,1000,99999999999,1000,-2209100125,-2209100125,,0.07,12:00PM/04:00PM,12:00PM/04:00PM,MYR,false,MYR,AS PER INVESTOR'S  INSTRUCTION,250,AFTER EOD,false,04:00PM,Option 1,1.55,,T,LOCAL,true,true,true,true,true,true,true,true,,500,,,,,,,,
5,ACTIVE,true,prospectus,products/5/1610106541/IBC PI.pdf,highlights,products/5/1610106541/IBC PHS.pdf,annual,products/5/1610106541/IBC AR.pdf,fact,products/IBC/1635319478/IBC FFS.pdf,KENANGA INVESTORS BERHAD,KIB,false,,CIMB COMMERCE TRUSTEE BERHAD,,KBCF,5,KENANGA BLUE CHIP FUND,UTF,,false,,ACTIVE,,,6.50,04:00PM,1084464000,3,1.5,5.5,1.5,7,EQUITY,0,,500,500,500,500,High,,9999999999999,1000,9999999999999,100,false,,"The Fund aims to achieve long-term capital growth through investments in companies that have relatively larger market capitalization^.
^ Relatively larger market capitalization refers to companies with market capitalization of more than RM 4 billion at the point of purchase.",true,Unit Only,IBC,0,0,0,0,1082649600,true,Unit Only,,,,LOCAL,false,Retail,9999999999999,1000,9999999999999,1000,-2209100125,-2209100125,,0.07,12:00PM/04:00PM,12:00PM/04:00PM,MYR,false,MYR,AS PER INVESTOR'S  INSTRUCTION,250,AFTER EOD,false,04:00PM,Option 1,1.55,,T,LOCAL,true,true,true,true,true,true,true,true,,500,,,,,,,,
8,SUSPENDED,false,prospectus,products/8/1610106541/IBI PI.pdf,annual,products/8/1610106541/IBI AR.pdf,highlights,products/IBI/1634023445/IBI PHS.pdf,fact,products/IBI/1635319478/IBI FFS.pdf,KENANGA INVESTORS BERHAD,KIB,false,,CIMB COMMERCE TRUSTEE BERHAD,,KBIF,8,KENANGA BON ISLAM FUND,UTF,,true,,ACTIVE,,,2.72,04:00PM,1084464000,0,0,1.5,1.5,7,FIXED INCOME,0,,500,500,500,500,Low,,0,0,9999999999999,100,false,,The Fund aims to provide investors with a regular income stream through investments in sukuk and Islamic money market instruments.,true,Unit Only,IBI,0,0,0,0,1082649600,false,Unit Only,,,,LOCAL,false,Retail,0,0,9999999999999,1000,-2209100125,-2209100125,,0.07,12:00PM/04:00PM,12:00PM/04:00PM,MYR,false,MYR,AS PER INVESTOR'S  INSTRUCTION,250,AFTER EOD,false,04:00PM,Option 1,1,,T,LOCAL,true,true,true,true,true,true,true,true,,500,,,,,,,,
9,SUSPENDED,false,prospectus,products/9/1610106541/IEI PI.pdf,annual,products/9/1610106541/IEI AR.pdf,highlights,products/IEI/1634023445/IEI PHS.pdf,fact,products/IEI/1635319478/IEI FFS.pdf,KENANGA INVESTORS BERHAD,KIB,false,,CIMB COMMERCE TRUSTEE BERHAD,,KEIF,9,KENANGA EKUITI ISLAM FUND,UTF,,true,,ACTIVE,,,1.27,04:00PM,1084464000,0,0,5.5,1.5,7,EQUITY,0,,500,500,500,500,High,,0,0,9999999999999,100,false,,The Fund aims to achieve long-term capital growth through investment in Shariah-compliant securities.,true,Unit Only,IEI,0,0,0,0,1082649600,false,Unit Only,,,,LOCAL,false,Retail,0,0,9999999999999,1000,-2209100125,-2209100125,,0.07,12:00PM/04:00PM,12:00PM/04:00PM,MYR,false,MYR,AS PER INVESTOR'S  INSTRUCTION,250,AFTER EOD,false,04:00PM,Option 1,1.55,,T,LOCAL,true,true,true,true,true,true,true,true,,500,,,,,,,,
10,ACTIVE,true,prospectus,products/10/1610106541/ICP PI.pdf,highlights,products/10/1610106541/ICP PHS.pdf,annual,products/10/1610106541/ICP AR.pdf,fact,products/ICP/1635319478/ICP FFS.pdf,KENANGA INVESTORS BERHAD,KIB,false,,CIMB COMMERCE TRUSTEE BERHAD,,KCPF,10,KENANGA CASH PLUS FUND,UTF,,false,,ACTIVE,,,9.03,04:00PM,1163606400,0,0,0,0,7,FIXED INCOME,0,,500,500,500,500,Low,,9999999999999,1000,9999999999999,100,false,,"The Fund aims to provide investors a regular stream of income through investments in short to medium-term fixed income instruments with high level of liquidity^.
^ High level of liquidity refers to fixed income instruments that can be sold off easily.",true,Unit Only,ICP,0,0,0,0,1161792000,true,Unit Only,,,,LOCAL,false,Retail,9999999999999,1000,9999999999999,1000,-2209100125,-2209100125,,0.07,12:00PM/04:00PM,12:00PM/04:00PM,MYR,true,MYR,AS PER INVESTOR'S  INSTRUCTION,250,AFTER EOD,false,04:00PM,Option 1,0.75,,T,LOCAL,true,true,true,true,true,true,true,true,,500,,,,,,,,
11,SUSPENDED,false,prospectus,products/11/1610106541/IIEC PI.pdf,highlights,products/11/1610106541/IIEC PHS.pdf,annual,products/11/1610106541/IIEC AR.pdf,fact,products/IIEC/1635319478/IIEC FFS.pdf,KENANGA INVESTORS BERHAD,KIB,false,,CIMB COMMERCE TRUSTEE BERHAD,,KIECF,11,KENANGA I ENHANCED CASH FUND,UTF,,true,,ACTIVE,,,4.28,04:00PM,1217520000,0,0,0,0,7,FIXED INCOME,0,,500,500,500,500,Low,,0,0,9999999999,100,false,,"The Fund aims to provide investors a regular stream of income and high level of liquidity^ to meet cash flow requirement while maintaining capital preservation*.
^ High level of liquidity refers to fixed income instruments that can be sold off easily.
* The Fund is not a capital guaranteed fund nor a capital protected fund.",true,Unit Only,IIEC,0,0,0,0,1185984000,false,Unit Only,,,,LOCAL,false,Retail,0,0,9999999999,1000,-2209100125,-2209100125,,0.08,12:00PM/04:00PM,12:00PM/04:00PM,MYR,true,MYR,AS PER INVESTOR'S  INSTRUCTION,250,AFTER EOD,false,04:00PM,Option 1,0.75,,T,LOCAL,true,true,true,true,true,true,true,true,,500,,,,,,,,
12,SUSPENDED,false,prospectus,products/12/1610106541/IPPI IM.pdf,highlights,products/12/1610106541/IPPI PHS.pdf,annual,products/12/1610106541/IPPI AR.pdf,fact,products/IPPI/1635319478/IPPI FFS.pdf,KENANGA INVESTORS BERHAD,KIB,false,,CIMB COMMERCE TRUSTEE BERHAD,,KPPI,12,KENANGA PRINCIPAL PROTECTED INCOME FUND,WSF,,false,,,,,6.59,11:00AM,1212336000,0,0,0,0,7,MONEY MARKET,0,,50000,50000,0,50000,Low,,0,0,9999999999999,50000,true,,"The Fund aims to provide investors a regular stream of income from the short-term money market returns which is competitive to that offered by fixed deposits, while preserving its capital by placing the funds primarily in short-term money market and deposit-based instruments issued by licensed financial institutions with a minimum of RAM A3 or MARC P2. The Fund also provides a high level of liquidity.",false,Unit Only,IPPI,0,0,0,0,1210521600,true,Unit Only,,,,CASH,false,Wholesale,0,0,9999999999999,100000,-2209100125,-2209100125,,0.08,11:00AM,11:00AM,MYR,true,MYR,REINVEST ONLY,0,AFTER EOD,true,11:00AM,Option 2,0.5,,T,CASH MANAGEMENT,true,true,true,true,true,true,true,true,,0,,,,,,,,
14,ACTIVE,true,prospectus,products/14/1610106541/IGD PI.pdf,highlights,products/14/1610106541/IGD PHS.pdf,annual,products/14/1610106541/IGD AR.pdf,fact,products/IGD/1635319478/IGD FFS.pdf,KENANGA INVESTORS BERHAD,KIB,false,,CIMB COMMERCE TRUSTEE BERHAD,,KGDF,14,KENANGA GLOBAL DIVIDEND FUND,UTF,,false,,ACTIVE,,,7.42,04:00PM,1176048000,3,1.5,5.5,1.5,7,EQUITY,0,,10000,10000,10000,10000,High,,9999999999999,1000,9999999999999,1000,false,,The Fund aims to achieve capital growth by investing in a diversified portfolio of high dividend-yielding equities globally through a target fund.,true,Unit Only,IGD,0,0,0,0,1174233600,true,Unit Only,,,,GLOBAL,false,Retail,9999999999999,1000,9999999999999,5000,-2209100125,-2209100125,,0.08,12:00PM/04:00PM,12:00PM/04:00PM,MYR,false,MYR,AS PER INVESTOR'S  INSTRUCTION,250,AFTER EOD,false,04:00PM,Option 1,1.8,,T+1,FOREIGN,true,true,true,true,true,true,true,true,,10000,,,,,,,,
16,,false,,,,,,,,,KENANGA INVESTORS BERHAD,KIB,false,,CIMB COMMERCE TRUSTEE BERHAD,,KGEMDF,16,KENANGA GLOBAL EMERGING MARKETS DEBT FUND,UTF,,false,,SUSPENDED,,,3.69,,1218470400,1.5,0,1.5,1.5,7,FIXED INCOME,0,,10000,10000,10000,10000,Medium,,0,0,99999999999,1000,false,,,true,Unit Only,IGEMD,0,0,0,0,1216656000,true,Unit Only,,,,,false,Retail,0,0,99999999999,5000,-2209100125,-2209100125,,0.08,,,MYR,false,MYR,AS PER INVESTOR'S  INSTRUCTION,250,AFTER EOD,false,,,1.35,,T+1,FOREIGN,true,true,true,true,true,true,true,true,,10000,,,,,,,,
17,SUSPENDED,false,prospectus,products/17/1610106541/IPPI2 IM.pdf,highlights,products/17/1610106541/IPPI2 PHS.pdf,fact,products/IPPI2/1635319478/IPPI2 FFS.pdf,,,KENANGA INVESTORS BERHAD,KIB,false,,RHB TRUSTEES BERHAD,,KPPI2,32,KENANGA PRINCIPAL PROTECTED INCOME 2 FUND,WSF,,false,,,,,7.38,04:00PM,1245427200,0,0,0,0,7,MONEY MARKET,0,,1000000,0,0,1000000,Low,,0,0,9999999999999,1000000,true,,The Fund aims to provide investors a regular stream of income from the short-term money market returns by placing its funds in bank placements and deposits.,false,Unit Only,IPPI2,0,0,0,0,1242748800,true,Unit Only,,,,CASH,false,Wholesale,0,0,9999999999999,5000000,-2209100125,-2209100125,,0.04,12:00PM/04:00PM,12:00PM/04:00PM,MYR,true,MYR,REINVEST ONLY,0,AFTER EOD,true,04:00PM,Option 2,0.5,,T,CASH MANAGEMENT,true,true,true,true,true,true,true,true,,0,,,,,,,,
18,SUSPENDED,false,prospectus,products/18/1610106541/IGOP PI.pdf,highlights,products/18/1610106541/IGOP PHS.pdf,annual,products/18/1610106541/IGOP AR.pdf,fact,products/IGOP/1635319478/IGOP FFS.pdf,KENANGA INVESTORS BERHAD,KIB,false,,CIMB COMMERCE TRUSTEE BERHAD,,KGOPF,34,KENANGA GLOBAL OPPORTUNITIES FUND,UTF,,false,,ACTIVE,,,3.86,04:00PM,1278777600,3,1.5,5.5,1.5,7,EQUITY,0,,10000,10000,10000,10000,High,,0,0,9999999999999,1000,false,,"The Fund aims to achieve capital growth by investing, via a target fund, in a diversified portfolio of global equities that are likely to yield higher earning growth than the global average.",true,Unit Only,IGOP,0,0,0,0,1277049600,true,Unit Only,,,,GLOBAL,false,Retail,0,0,9999999999999,5000,-2209100125,-2209100125,,0.08,12:00PM/04:00PM,12:00PM/04:00PM,MYR,false,MYR,AS PER INVESTOR'S  INSTRUCTION,250,AFTER EOD,false,04:00PM,Option 1,1.8,,T+1,FOREIGN,true,true,true,true,true,true,true,true,,10000,,,,,,,,
19,SUSPENDED,false,prospectus,products/19/1610106541/PKOGF DD.pdf,annual,products/19/1610106541/PKOGF AR.pdf,highlights,products/PKOGF/1634023445/PKOGF PHS.pdf,fact,products/PKOGF/1634087846/PKOGF FFS.pdf,KENANGA INVESTORS BERHAD,KIB,false,,MAYBANK TRUSTEES BERHAD,< Age 45,PKOGF,36,KENANGA ONEPRS GROWTH FUND,PRS,,false,,ACTIVE,0.5,,5.74,04:00PM,1386604800,1.5,1.5,1.5,1.5,7,GROWTH,0,,500,500,500,500,Medium,,0,0,9999999999999,100,false,,The Fund seeks to provide capital growth.,true,Unit Only,PKOGF,0,0,0,0,1384876800,true,Unit Only,,,,LOCAL,false,Retail,0,0,9999999999999,1000,-2209100125,-2209100125,RM25 per transactions,0.015,12:00PM/04:00PM,12:00PM/04:00PM,MYR,false,MYR,REINVEST ONLY,0,AFTER EOD,false,04:00PM,Option 1,1.55,,T,PRS LOCAL,true,true,true,true,true,true,true,true,,500,100,100,,,,,,
20,SUSPENDED,false,prospectus,products/20/1610106541/PKOMF DD.pdf,annual,products/20/1610106541/PKOMF AR.pdf,highlights,products/PKOMF/1634023445/PKOMF PHS.pdf,fact,products/PKOMF/1634087846/PKOMF FFS.pdf,KENANGA INVESTORS BERHAD,KIB,false,,MAYBANK TRUSTEES BERHAD,Age 45 to < Age 55,PKOMF,37,KENANGA ONEPRS MODERATE FUND,PRS,,false,,ACTIVE,0.5,,1.70,04:00PM,1386604800,1.5,1.5,1.5,1.5,7,BALANCE,0,,500,500,500,500,Medium,,0,0,9999999999999,100,false,,The Fund aims to achieve returns over the long-term through investments in equities and/or bonds.,true,Unit Only,PKOMF,0,0,0,0,1384876800,true,Unit Only,,,,LOCAL,false,Retail,0,0,9999999999999,1000,-2209100125,-2209100125,RM25 per transactions,0.015,12:00PM/04:00PM,12:00PM/04:00PM,MYR,false,MYR,REINVEST ONLY,0,AFTER EOD,false,04:00PM,Option 1,1.55,,T,PRS LOCAL,true,true,true,true,true,true,true,true,,500,100,100,,,,,,
21,SUSPENDED,false,prospectus,products/21/1610106541/PKOCF DD.pdf,annual,products/21/1610106541/PKOCF AR.pdf,highlights,products/PKOCF/1634023445/PKOCF PHS.pdf,fact,products/PKOCF/1634087846/PKOCF FFS.pdf,KENANGA INVESTORS BERHAD,KIB,false,,MAYBANK TRUSTEES BERHAD,>= Age 55,PKOCF,38,KENANGA ONEPRS CONSERVATIVE FUND,PRS,,false,,ACTIVE,0.5,,2.00,04:00PM,1386604800,1.5,1.5,1.5,1.5,7,BALANCE,0,,500,500,500,500,Medium,,0,0,9999999999999,100,false,,The Fund seeks income^ whilst providing capital preservation*. ^Income distribution (if any) will be reinvested into the Fund. *The Fund is neither a capital guaranteed fund nor a capital protected fund.,true,Unit Only,PKOCF,0,0,0,0,1384876800,true,Unit Only,,,,LOCAL,false,Retail,0,0,9999999999999,1000,-2209100125,-2209100125,RM25 per transactions,0.015,12:00PM/04:00PM,12:00PM/04:00PM,MYR,false,MYR,REINVEST ONLY,0,AFTER EOD,false,04:00PM,Option 1,1.55,,T,PRS LOCAL,true,true,true,true,true,true,true,true,,500,100,100,,,,,,
27,SUSPENDED,false,prospectus,products/27/1610106541/KCF IM.pdf,highlights,products/27/1610106541/KCF PHS.pdf,annual,products/27/1610106541/KCF AR.pdf,fact,products/KCF/1635319478/KCF FFS.pdf,KENANGA INVESTORS BERHAD,KIB,false,,CIMB COMMERCE TRUSTEE BERHAD,,KCF,44,KENANGA CASH FUND,WSF,,false,,ACTIVE,,,4.83,11:00AM,1365609600,0,0,0,0,7,MONEY MARKET,0,,10000,10000,9999999999999,0,Low,,0,0,9999999999999,10000,false,,The Fund seeks to provide Investors with regular income stream while maintaining capital stability.,false,Unit Only,KCF,0,0,0,0,1363881600,true,Unit Only,,,,LOCAL,false,Wholesale,0,0,9999999999990,50000,-2209100125,-2209100125,,0.02,11:00AM,11:00AM,MYR,true,MYR,AS PER INVESTOR'S  INSTRUCTION,50,AFTER EOD,false,11:00AM,Option 1,0.3,,T,LOCAL,true,true,true,true,true,true,true,true,,9999999999999,,,,,,,,
28,SUSPENDED,false,prospectus,products/28/1610106541/LMONEYX PI.pdf,highlights,products/28/1610106541/LMONEYX PHS.pdf,annual,products/28/1610106541/LMONEYX AR.pdf,fact,products/LMONEYX/1634087846/LMONEYX FFS.pdf,KENANGA INVESTORS BERHAD,KIB,false,,MAYBANK TRUSTEES BERHAD,,KMEF,45,KENANGA MONEYEXTRA FUND,UTF,,false,,ACTIVE,,,2.13,04:00PM,1035907200,0,0,0,0,7,FIXED INCOME,0,,2000,2000,5000,5000,Low,,0,0,9999999999999,1000,false,,"The primary objective of the Fund is to maintain a high degree of liquidity while providing current income through a direct investment portfolio investing in short term, high quality* Ringgit-denominated money market instruments.
* Minimum credit rating of P2/A3 by RAM or equivalent by other rating agencies.",true,Unit Only,LMONEYX,0,0,0,0,1034006400,true,Unit Only,,,,LOCAL,false,Retail,0,0,9999999999999,5000,-2209100125,-2209100125,,0.08,12:00PM/04:00PM,12:00PM/04:00PM,MYR,true,MYR,REINVEST ONLY,0,AFTER EOD,false,04:00PM,Option 1,0.5,,T,LOCAL,true,true,true,true,true,true,true,true,,5000,,,,,,,,
30,SUSPENDED,false,prospectus,products/30/1610106541/LINCOMEX PI.pdf,highlights,products/30/1610106541/LINCOMEX PHS.pdf,annual,products/30/1610106541/LINCOMEX AR.pdf,fact,products/LINCOMEX/1634087846/LINCOMEX FFS.pdf,KENANGA INVESTORS BERHAD,KIB,false,,MAYBANK TRUSTEES BERHAD,,KIEF,47,KENANGA INCOMEEXTRA FUND,UTF,,false,,ACTIVE,,,8.93,04:00PM,938620800,0,0,5,1.5,7,BALANCE,0,,2000,2000,5000,5000,Medium,,0,0,9999999999999,1000,false,,"The principal objective of the Fund is to provide income* and capital appreciation over a medium to long term investment horizon by investing in a balanced portfolio of fixed income instruments and equities.
* Distribution of income will primarily be done by way of reinvestment into additional Units",true,Unit Only,LINCOMEX,0,0,0,0,936892800,true,Unit Only,,,,GLOBAL,false,Retail,0,0,9999999999999,5000,-2209100125,-2209100125,,0.08,12:00PM/04:00PM,12:00PM/04:00PM,MYR,false,MYR,REINVEST ONLY,0,AFTER EOD,false,04:00PM,Option 1,1.15,,T+1,FOREIGN,true,true,true,true,true,true,true,true,,5000,,,,,,,,
31,SUSPENDED,false,prospectus,products/31/1610106541/13 PI.pdf,highlights,products/31/1610106541/13 PHS.pdf,annual,products/31/1610106541/13 AR.pdf,fact,products/13/1635319478/13 FFS.pdf,KENANGA INVESTORS BERHAD,KIB,false,,CIMB COMMERCE TRUSTEE BERHAD,,KCLAF,48,KENANGA CONSUMER AND LEISURE ASIA FUND,UTF,,false,,ACTIVE,,,5.66,04:00PM,964886400,0,0,5,1.5,7,EQUITY,0,,2000,2000,5000,5000,High,,0,0,9999999999999,1000,false,,The Fund seeks to provide capital appreciation over the medium to long term by investing in a diversified portfolio comprising stocks of companies in Asia which are considered to have strong growth prospects and are able to benefit from the rising wealth effect of the region’s middle class population.,true,Unit Only,13,0,0,0,0,962294400,true,Unit Only,,,,GLOBAL,false,Retail,0,0,9999999999999,5000,-2209100125,-2209100125,,0,12:00PM/04:00PM,12:00PM/04:00PM,MYR,false,MYR,REINVEST ONLY,0,AFTER EOD,false,04:00PM,Option 1,1.7,,T+1,FOREIGN,true,true,true,true,true,true,true,true,,5000,,,,,,,,
32,ACTIVE,true,prospectus,products/32/1610106541/LDIVEXTRA PI.pdf,highlights,products/32/1610106541/LDIVEXTRA PHS.pdf,annual,products/32/1610106541/LDIVEXTRA AR.pdf,fact,products/LDIVEXTRA/1634087846/LDIVEXTRA FFS.pdf,KENANGA INVESTORS BERHAD,KIB,false,,CIMB COMMERCE TRUSTEE BERHAD,,KDEF,49,KENANGA DIVIDENDEXTRA FUND,UTF,,false,,ACTIVE,,,3.26,04:00PM,962294400,3,1.5,5,1.5,7,EQUITY,0,,2000,2000,5000,5000,High,,9999999999999,1000,9999999999999,1000,false,,"The Fund seeks to achieve relatively stable returns via income and capital appreciation over the medium to long term by investing principally in high dividend yield* stocks.
* Above market average.",true,Unit Only,LDIVEXTRA,0,0,0,0,962294400,true,Unit Only,,,,GLOBAL,false,Retail,9999999999999,5000,9999999999999,5000,-2209100125,-2209100125,,0,12:00PM/04:00PM,12:00PM/04:00PM,MYR,false,MYR,REINVEST ONLY,0,AFTER EOD,false,04:00PM,Option 1,1.5,,T+1,FOREIGN,true,true,true,true,true,true,true,true,,5000,,,,,,,,
33,ACTIVE,true,prospectus,products/33/1610106541/LTACTICALX PI.pdf,highlights,products/33/1610106541/LTACTICALX PHS.pdf,annual,products/33/1610106541/LTACTICALX AR.pdf,fact,products/LTACTICALX/1634087846/LTACTICALX FFS.pdf,KENANGA INVESTORS BERHAD,KIB,false,,MAYBANK TRUSTEES BERHAD,,KTEF,50,KENANGA TACTICALEXTRA FUND,UTF,,false,,ACTIVE,,,6.53,04:00PM,1112803200,3,1.5,5,1.5,7,EQUITY,0,,2000,2000,5000,5000,High,,9999999999999,1000,9999999999999,1000,false,,"The Fund aims to provide investors with medium to long term capital appreciation by investing principally in liquid equities with large market capitalisation (big caps), and fixed income instruments with flexible asset allocation*.
* Under normal market conditions, fixed income instruments will be capped at 30% and may go beyond 30% during adverse market conditions.",true,Unit Only,LTACTICALX,0,0,0,0,1111075200,true,Unit Only,,,,LOCAL,false,Retail,9999999999999,5000,9999999999999,5000,-2209100125,-2209100125,,0.07,12:00PM/04:00PM,12:00PM/04:00PM,MYR,false,MYR,REINVEST ONLY,0,AFTER EOD,false,04:00PM,Option 1,1.5,,T,LOCAL,true,true,true,true,true,true,true,true,,5000,,,,,,,,
34,CLOSED,false,prospectus,products/34/1610106541/LCARE PI.pdf,fact,products/LCARE/1634087846/LCARE FFS.pdf,annual,products/LCARE/1635231619/LCARE AR.pdf,highlights,products/LCARE/1635231645/LCARE PHS.pdf,KENANGA INVESTORS BERHAD,KIB,false,,CIMB COMMERCE TRUSTEE BERHAD,,KREF,51,KENANGA RESOURCE EQUITY FUND,UTF,,false,,SUSPENDED,,,7.71,04:00PM,1112803200,0,0,5,1.5,7,EQUITY,0,,2000,2000,5000,5000,High,,0,0,9999999999999,1000,false,,"The Fund seeks to achieve capital growth over a medium to long term period by investing primarily in equities and equity-related securities traded globally. The Fund may also invest in fixed income securities, structured products and money market instruments.",true,Unit Only,LCARE,0,0,0,0,1111075200,true,Unit Only,,,,GLOBAL,false,Retail,0,0,9999999999999,5000,-2209100125,-2209100125,,0.08,12:00PM/04:00PM,12:00PM/04:00PM,MYR,false,MYR,REINVEST ONLY,0,AFTER EOD,false,04:00PM,Option 1,1.75,,T+1,FOREIGN,true,true,true,true,true,true,true,true,,5000,,,,,,,,
90,CLOSED,false,prospectus,products/90/1610106541/LSAFA IM.pdf,highlights,products/90/1610106541/LSAFA PHS.pdf,annual,products/90/1610106541/LSAFA AR.pdf,fact,products/LSAFA/1634087846/LSAFA FFS.pdf,KENANGA INVESTORS BERHAD,KIB,false,,CIMB ISLAMIC TRUSTEE BERHAD,,KDS,115,KENANGA DANA SAFA,WSF,,true,,ACTIVE,,,9.49,04:00PM,1231689600,0,0,0,0,6,FIXED INCOME,0,,100000,100000,50000,50000,Low,,0,0,9999999999999,100000,false,,"The Fund seeks to provide investors with a regular income stream and aims to maintain a high degree of liquidity through a direct investment portfolio investing primarily in short term, high quality Ringgit-denominated Islamic money market instruments and partially in sukuk.",false,Unit Only,LSAFA,0,0,0,0,1231689600,false,Unit Only,,,,LOCAL,false,Wholesale,0,0,9999999999999,500000,-2209100125,-2209100125,,0.05,12:00PM/04:00PM,12:00PM/04:00PM,MYR,true,MYR,REINVEST ONLY,0,AFTER EOD,false,04:00PM,Option 1,0.5,,T,LOCAL,true,true,true,true,true,true,true,true,,50000,,,,,,,,
96,SUSPENDED,false,prospectus,products/96/1610106541/KCMF IM.pdf,highlights,products/96/1610106541/KCMF PHS.pdf,,,,,KENANGA INVESTORS BERHAD,KIB,false,,CIMB COMMERCE TRUSTEE BERHAD,,KCMF,121,KENANGA CASH MANAGEMENT FUND,WSF,,false,,,,,1.80,10:00AM,1298995200,0,0,0,0,7,MONEY MARKET,0,,10000,9999999999999,9999999999999,0,Low,,0,0,9999999999999,10000,true,,The Fund seeks to provide investors with a regular income stream while maintaining capital stability.,false,Unit Only,KCMF,0,0,0,0,1298908800,true,Unit Only,,,,LOCAL,false,Wholesale,0,0,9999999999999,50000,-2209100125,-2209100125,,0.08,10:30AM/10:00AM,10:30AM/10:00AM,MYR,true,MYR,AS PER INVESTOR'S  INSTRUCTION,1,AFTER EOD,false,10:30AM,Option 2,0.2,,T,LOCAL,true,true,true,true,true,true,true,true,,9999999999999,,,,,,,,
98,SUSPENDED,false,prospectus,products/98/1610106541/KIIFS2 IM.pdf,highlights,products/98/1610106541/KIIFS2 PHS.pdf,,,,,KENANGA INVESTORS BERHAD,KIB,false,,AMANAH RAYA TRUSTEES BERHAD,,KIIFS2,123,KENANGA ISLAMIC INCOME FUND-SERIES FUND2,WSF,,true,,,,,5.01,04:00PM,1341244800,0,0,0,0,7,MONEY MARKET,0,,10000,9999999999999,10000,0,Low,,0,0,9999999999999,10000,true,,The Fund seeks to provide Investors with regular income stream while maintaining capital stability.,false,Unit Only,KIIFS2,0,0,0,0,1341158400,false,Unit Only,,,,LOCAL,false,Wholesale,0,0,9999999999999,50000,-2209100125,-2209100125,,0.05,11:00AM,11:00AM,MYR,true,MYR,AS PER INVESTOR'S  INSTRUCTION,1,AFTER EOD,false,11:00AM,Option 1,0.3,,T,LOCAL,true,true,true,true,true,true,true,true,,10000,,,,,,,,
99,SUSPENDED,false,prospectus,products/99/1610106541/KIBF PI.pdf,highlights,products/99/1610106541/KIBF PHS.pdf,annual,products/99/1610106541/KIBF AR.pdf,fact,products/KIBF/1635319601/KIBF FFS.pdf,KENANGA INVESTORS BERHAD,KIB,false,,CIMB ISLAMIC TRUSTEE BERHAD,,KIBF,124,KENANGA ISLAMIC BALANCED FUND,UTF,,true,,ACTIVE,,,9.41,04:00PM,1340985600,0,0,5.5,1.5,7,BALANCE,0,,500,500,500,500,Medium,,0,0,9999999999999,100,false,,KIBF aims to achieve steady capital growth and income distribution (if any) over the medium to long-term period by investing in a diversified portfolio in accordance with Shariah requirements.,false,Unit Only,KIBF,0,0,0,0,1340985600,false,Unit Only,,,,LOCAL,false,Retail,0,0,9999999999999,1000,-2209100125,-2209100125,,0.05,12:00PM/04:00PM,12:00PM/04:00PM,MYR,false,MYR,AS PER INVESTOR'S  INSTRUCTION,250,AFTER EOD,false,04:00PM,Option 1,1.5,,T,LOCAL,true,true,true,true,true,true,true,true,,500,,,,,,,,
100,SUSPENDED,false,prospectus,products/100/1610106541/KIF PI.pdf,annual,products/KIF/1635231619/KIF AR.pdf,highlights,products/KIF/1635231645/KIF PHS.pdf,fact,products/KIF/1635319601/KIF FFS.pdf,KENANGA INVESTORS BERHAD,KIB,false,,UNIVERSAL TRUSTEE (MALAYSIA) BERHAD,,KIF,125,KENANGA ISLAMIC FUND,UTF,,true,,SUSPENDED,,,8.19,04:00PM,1340985600,0,0,5.5,1.5,7,EQUITY,0,,500,500,500,500,High,,0,0,9999999999999,100,false,,KIF aims to achieve steady capital growth and income distribution (incidental) over the medium to long-term period by investing in a diversified portfolio in accordance with accepted Shariah principles.,false,Unit Only,KIF,0,0,0,0,1340985600,false,Unit Only,,,,LOCAL,false,Retail,0,0,9999999999999,1000,-2209100125,-2209100125,,0.05,12:00PM/04:00PM,12:00PM/04:00PM,MYR,false,MYR,AS PER INVESTOR'S  INSTRUCTION,250,AFTER EOD,false,04:00PM,Option 1,1.9,,T,FOREIGN,true,true,true,true,true,true,true,true,,500,,,,,,,,
101,SUSPENDED,false,prospectus,products/101/1610106541/KIIFS1 IM.pdf,highlights,products/101/1610106541/KIIFS1 PHS.pdf,,,,,KENANGA INVESTORS BERHAD,KIB,false,,RHB TRUSTEES BERHAD,,KIIFS1,126,KENANGA ISLAMIC INCOME FUND-SERIES FUND1,WSF,,true,,,,,5.56,10:00AM,1322582400,0,0,0,0,7,MONEY MARKET,0,,10000,9999999999999,9999999999999,0,Low,,0,0,9999999999999,10000,true,,The Fund seeks to provide investors with a regular income stream while maintaining capital stability.,false,Unit Only,KIIFS1,0,0,0,0,1322496000,false,Unit Only,,,,LOCAL,false,Wholesale,0,0,9999999999999,50000,-2209100125,-2209100125,,0.05,10:00AM,10:00AM,MYR,true,MYR,AS PER INVESTOR'S  INSTRUCTION,0.01,AFTER EOD,false,10:00AM,Option 1,0.3,,T,LOCAL,true,true,true,true,true,true,true,true,,9999999999999,,,,,,,,
102,ACTIVE,true,prospectus,products/102/1610106541/KIMMF PI.pdf,annual,products/102/1610106541/KIMMF AR.pdf,highlights,products/KIMMF/1634023445/KIMMF PHS.pdf,fact,products/KIMMF/1634087846/KIMMF FFS.pdf,KENANGA INVESTORS BERHAD,KIB,false,,CIMB ISLAMIC TRUSTEE BERHAD,,KIMMF,127,KENANGA ISLAMIC MONEY MARKET FUND,UTF,,true,,ACTIVE,,,3.57,11:00AM,1340985600,0,0,0,0,7,MONEY MARKET,0,,500,500,500,500,Low,,9999999999999,1000,9999999999999,100,false,,"The investment objective of the Fund is to provide investors with a regular income stream that comply with Shariah requirements whilst maintaining capital stability*.
* The Fund is not a capital guaranteed fund nor a capital protected fund.",false,Unit Only,KIMMF,0,0,0,0,1340985600,false,Unit Only,,,,LOCAL,false,Retail,9999999999999,1000,9999999999999,1000,-2209100125,-2209100125,,0.02,11:00AM,11:00AM,MYR,true,MYR,AS PER INVESTOR'S  INSTRUCTION,250,AFTER EOD,false,11:00AM,Option 1,0.5,,T,LOCAL,true,true,true,true,true,true,true,true,,500,,,,,,,,
104,SUSPENDED,false,prospectus,products/104/1610106541/KMMF PI.pdf,highlights,products/104/1610106541/KMMF PHS.pdf,annual,products/104/1610106541/KMMF AR.pdf,fact,products/KMMF/1634087846/KMMF FFS.pdf,KENANGA INVESTORS BERHAD,KIB,false,,CIMB COMMERCE TRUSTEE BERHAD,,KMMF,129,KENANGA MONEY MARKET FUND,UTF,,false,,ACTIVE,,,6.63,11:00AM,1340985600,0,0,0,0,7,MONEY MARKET,0,,500,500,500,500,Low,,0,0,9999999999999,100,false,,"The investment objective of the Fund is to provide investors with a regular income stream while maintaining capital stability*.
* The Fund is not a capital guaranteed fund nor a capital protected fund.",false,Unit Only,KMMF,0,0,0,0,1340985600,true,Unit Only,,,,LOCAL,false,Retail,0,0,9999999999999,1000,-2209100125,-2209100125,,0.02,11:00AM,11:00AM,MYR,true,MYR,AS PER INVESTOR'S  INSTRUCTION,250,AFTER EOD,false,11:00AM,Option 1,0.5,,T,LOCAL,true,true,true,true,true,true,true,true,,500,,,,,,,,
105,SUSPENDED,false,prospectus,products/105/1610106541/KBNF PI.pdf,highlights,products/105/1610106541/KBNF PHS.pdf,annual,products/105/1610106541/KBNF AR.pdf,fact,products/KBNF/1635319478/KBNF FFS.pdf,KENANGA INVESTORS BERHAD,KIB,false,,UNIVERSAL TRUSTEE (MALAYSIA) BERHAD,,KBNF,130,KENANGA BOND FUND,UTF,,false,,ACTIVE,,,1.62,04:00PM,1369843200,0,0,0,0,7,FIXED INCOME,0,,500,500,500,500,Low,,0,0,9999999999999,100,false,,KBNF aims to provide investors with a steady income stream over the medium to long-term period through investments primarily in fixed income instruments.,false,Unit Only,KBNF,0,0,0,0,1369843200,true,Unit Only,,,,LOCAL,false,Retail,0,0,9999999999999,1000,-2209100125,-2209100125,,0.08,12:00PM/04:00PM,12:00PM/04:00PM,MYR,false,MYR,AS PER INVESTOR'S  INSTRUCTION,250,AFTER EOD,false,04:00PM,Option 1,1,,T,LOCAL,true,true,true,true,true,true,true,true,,500,,,,,,,,
107,SUSPENDED,false,,,,,,,,,KENANGA INVESTORS BERHAD,KIB,false,,CIMB COMMERCE TRUSTEE BERHAD,,KOIF,132,KENANGA ORIENTAL INCOME FUND,WSF,,false,,,,,2.24,03:00PM,1181059200,0,0,0,0,0,FIXED INCOME,0,,10000,9999999999999,9999999999999,10000,Low,,0,0,9999999999999,10000,true,,"To provide investors with long-term capital appreciation and income through investment in debt, convertible bonds and high yielding securities of companies in the Asia Pacific region.",false,Unit Only,KOIF,0,0,0,0,1178467200,true,Unit Only,,,,GLOBAL,false,Wholesale,0,0,9999999999999,200000,-2209100125,-2209100125,,0,03:00PM,03:00PM,MYR,false,MYR,AS PER INVESTOR'S  INSTRUCTION,1,AFTER EOD,false,03:00PM,Option 1,1.7,,T+1,FOREIGN,true,true,true,true,true,true,true,true,,9999999999999,,,,,,,,
117,ACTIVE,true,prospectus,products/117/1610106541/KPF PI.pdf,highlights,products/117/1610106541/KPF PHS.pdf,annual,products/117/1610106541/KPF AR.pdf,fact,products/KPF/1634087846/KPF FFS.pdf,KENANGA INVESTORS BERHAD,KIB,false,,CIMB COMMERCE TRUSTEE BERHAD,,KPF,143,KENANGA PREMIER FUND,UTF,,false,,ACTIVE,,,7.12,04:00PM,1340985600,3,1.5,5.5,1.5,7,EQUITY,0,,500,500,500,500,High,,9999999999999,1000,9999999999999,100,false,,KPF aims to provide consistent annual returns and medium to long-term capital appreciation.,false,Unit Only,KPF,0,0,0,0,1340985600,true,Unit Only,,,,LOCAL,false,Retail,9999999999999,1000,9999999999999,1000,-2209100125,-2209100125,,0.05,12:00PM/04:00PM,12:00PM/04:00PM,MYR,false,MYR,AS PER INVESTOR'S  INSTRUCTION,250,AFTER EOD,false,04:00PM,Option 1,1.5,,T,LOCAL,true,true,true,true,true,true,true,true,,500,,,,,,,,
132,ACTIVE,true,prospectus,products/132/1610106541/KAPTRF PI.pdf,annual,products/132/1610106541/KAPTRF AR.pdf,highlights,products/KAPTRF/1634023445/KAPTRF PHS.pdf,fact,products/KAPTRF/1635319478/KAPTRF FFS.pdf,KENANGA INVESTORS BERHAD,KIB,false,,RHB TRUSTEES BERHAD,,KAPTRF,167,KENANGA ASIA PACIFIC TOTAL RETURN FUND,UTF,,false,,ACTIVE,,,1.70,04:00PM,1375200000,3,1.5,5.5,1.5,7,EQUITY,0,,500,500,500,500,High,,999999999999,100,999999999999,100,false,,KAPTRF aims to provide capital appreciation over the long-term (over 5 years) by investing in equities and equity related securities of companies in the Asia Pacific region.,true,Unit Only,KAPTRF,0,0,0,0,1373472000,true,Unit Only,,,,GLOBAL,false,Retail,999999999999,1000,999999999999,1000,-2209100125,-2209100125,,0.07,12:00PM/04:00PM,12:00PM/04:00PM,MYR,false,MYR,AS PER INVESTOR'S  INSTRUCTION,250,AFTER EOD,false,04:00PM,Option 1,1.75,,T+1,FOREIGN,true,true,true,true,true,true,true,true,,500,,,,,,,,
134,SUSPENDED,false,prospectus,products/134/1610106541/LLF PI.pdf,highlights,products/134/1610106541/LLF PHS.pdf,annual,products/134/1610106541/LLF AR.pdf,fact,products/LLF/1634087846/LLF FFS.pdf,KENANGA INVESTORS BERHAD,KIB,false,,CIMB COMMERCE TRUSTEE BERHAD,,KLF,169,KENANGA LIQUIDITY FUND,UTF,,false,,ACTIVE,,,5.32,04:00PM,1234886400,0,0,0,0,7,MONEY MARKET,0,,10000,10000,5000,5000,Low,,0,0,9999999999999,50000,false,,"The Fund seeks to preserve capital1 and maintain a high degree of liquidity while providing steady income2 with
minimal risk by investing primarily in short term deposits.
Note:
1 Unit Holders are to note that this is not a capital guaranteed nor protected Fund. Unit Holders’ capital is neither guaranteed nor protected.
2 All income distribution will be automatically reinvested into additional Units.",false,Unit Only,LLF,0,0,0,0,1234886400,true,Unit Only,,,,LOCAL,false,Retail,0,0,9999999999999,100000,-2209100125,-2209100125,,0.08,12:00PM/04:00PM,12:00PM/04:00PM,MYR,true,MYR,REINVEST ONLY,0,AFTER EOD,false,04:00PM,Option 1,0.3,,T,LOCAL,true,true,true,true,true,true,true,true,,5000,,,,,,,,
153,SUSPENDED,false,prospectus,products/153/1610106541/KIIF3 IM.pdf,highlights,products/153/1610106541/KIIF3 PHS.pdf,annual,products/153/1610106541/KIIF3 AR.pdf,,,KENANGA INVESTORS BERHAD,KIB,false,,RHB TRUSTEES BERHAD,,KIIFS3,192,KENANGA ISLAMIC INCOME FUND - SERIES3,WSF,,true,,,,,5.00,12:00PM,1402243200,0,0,0,0,7,MONEY MARKET,0,,0,9999999999999,0,0,Low,,0,0,9999999999999,10000,true,,The Fund seeks to provide Unit Holders with regular income stream while maintaining capital stability.,false,Unit Only,KIIF3,0,0,0,0,1402243200,false,Unit Only,,,,LOCAL,false,Wholesale,0,0,9999999999999,50000,-2209100125,-2209100125,,0.02,12:00PM,12:00PM,MYR,true,MYR,AS PER INVESTOR'S  INSTRUCTION,1,AFTER EOD,false,12:00PM,Option 1,0.3,,T,LOCAL,true,true,true,true,true,true,true,true,,0,,,,,,,,
154,SUSPENDED,false,prospectus,products/154/1610106541/KIFS1 IM.pdf,highlights,products/154/1610106541/KIFS1 PHS.pdf,annual,products/154/1610106541/KIFS1 AR.pdf,,,KENANGA INVESTORS BERHAD,KIB,false,,RHB TRUSTEES BERHAD,,KIFS1,193,KENANGA INCOME FUND - SERIES 1,WSF,,false,,,,,7.46,12:00PM,1401897600,0,0,0,0,7,FIXED INCOME,0,,10000,9999999999999,0,0,Low,,0,0,9999999999999,10000,true,,The Fund seeks to provide Investors with regular income stream while maintaining capital stability.,false,Unit Only,KIFS1,0,0,0,0,1401897600,true,Unit Only,,,,LOCAL,false,Wholesale,0,0,9999999999999,50000,-2209100125,-2209100125,,0.02,12:00PM,12:00PM,MYR,true,MYR,AS PER INVESTOR'S  INSTRUCTION,1,AFTER EOD,false,12:00PM,Option 1,0.1,,T,LOCAL,true,true,true,true,true,true,true,true,,0,,,,,,,,
155,SUSPENDED,false,prospectus,products/155/1610106541/KICF IM.pdf,highlights,products/155/1610106541/KICF PHS.pdf,annual,products/155/1610106541/KICF AR.pdf,fact,products/KICF/1635319601/KICF FFS.pdf,KENANGA INVESTORS BERHAD,KIB,false,,CIMB ISLAMIC TRUSTEE BERHAD,,KICF,194,KENANGA ISLAMIC CASH FUND,WSF,,true,,ACTIVE,,,7.80,11:00AM,1402502400,0,0,0,0,7,MONEY MARKET,0,,10000,10000,0,0,Low,,0,0,9999999999999,10000,false,,The Fund seeks to provide Investors with regular income stream while maintaining capital stability.,false,Unit Only,KICF,0,0,0,0,1402416000,false,Unit Only,,,,LOCAL,false,Wholesale,0,0,9999999999999,50000,-2209100125,-2209100125,,0.02,11:00AM,11:00AM,MYR,true,MYR,AS PER INVESTOR'S  INSTRUCTION,50,AFTER EOD,false,11:00AM,Option 1,0.3,,T,LOCAL,true,true,true,true,true,true,true,true,,0,,,,,,,,
214,SUSPENDED,false,prospectus,products/214/1610106541/LASWF PI.pdf,highlights,products/214/1610106541/LASWF PHS.pdf,annual,products/214/1610106541/LASWF AR.pdf,fact,products/LASWF/1634087846/LASWF FFS.pdf,KENANGA INVESTORS BERHAD,KIB,false,,MAYBANK TRUSTEES BERHAD,,KASW,253,KENANGA AMANAH SAHAM WANITA,UTF,,true,,ACTIVE,,,6.84,04:00PM,896025600,0,0,5,1.5,7,EQUITY,0,,2000,2000,5000,5000,High,,0,0,9999999999999,1000,false,,"The primary objective of the Fund is to offer relatively good and safe capital growth* over the long term period by investing principally in an actively-managed, diversified portfolio of Shariah-compliant equities and Shariah-compliant equity-related securities.
* Growth is targeted to be consistent and stable by not taking excessive risk.",true,Unit Only,LASWF,0,0,0,0,894211200,false,Unit Only,,,,LOCAL,false,Retail,0,0,9999999999999,5000,-2209100125,-2209100125,,0.06,12:00PM/04:00PM,12:00PM/04:00PM,MYR,false,MYR,REINVEST ONLY,0,AFTER EOD,false,04:00PM,Option 1,1.5,,T,LOCAL,true,true,true,true,true,true,true,true,,5000,,,,,,,,
215,ACTIVE,true,prospectus,products/215/1610106541/LBEF PI.pdf,highlights,products/215/1610106541/LBEF PHS.pdf,annual,products/215/1610106541/LBEF AR.pdf,fact,products/LBEF/1634087846/LBEF FFS.pdf,KENANGA INVESTORS BERHAD,KIB,false,,MAYBANK TRUSTEES BERHAD,,KBEF,254,KENANGA BONDEXTRA FUND,UTF,,false,,ACTIVE,,,3.35,04:00PM,1035820800,3,1.5,5,1.5,7,FIXED INCOME,0,,2000,2000,5000,5000,Low,,9999999999999,1000,9999999999999,1000,false,,"The primary objective of the Fund is to provide investors with aggressive long term capital growth through investment in high yielding* fixed income securities with a relatively high level of market and financial risks.
* Relative to Malaysian Government Securities.",true,Unit Only,LBEF,0,0,0,0,1034006400,true,Unit Only,,,,LOCAL,false,Retail,9999999999999,5000,9999999999999,5000,-2209100125,-2209100125,,0.07,12:00PM/04:00PM,12:00PM/04:00PM,MYR,false,MYR,REINVEST ONLY,0,AFTER EOD,false,04:00PM,Option 1,1,,T,LOCAL,true,true,true,true,true,true,true,true,,5000,,,,,,,,
216,ACTIVE,true,prospectus,products/216/1610106541/LEEF PI.pdf,highlights,products/216/1610106541/LEEF PHS.pdf,annual,products/216/1610106541/LEEF AR.pdf,fact,products/LEEF/1634087846/LEEF FFS.pdf,KENANGA INVESTORS BERHAD,KIB,false,,MAYBANK TRUSTEES BERHAD,,KEEF,255,KENANGA EQUITYEXTRA FUND,UTF,,false,,ACTIVE,,,4.25,04:00PM,938707200,3,1.5,5,1.5,7,EQUITY,0,,2000,2000,5000,5000,High,,9999999999999,1000,9999999999999,1000,false,,"The primary objective of the Fund is to maximise capital returns over a medium to long term period by investing
in an actively-managed, diversified portfolio of equities and equity-related securities.",true,Unit Only,LEEF,0,0,0,0,936892800,true,Unit Only,,,,LOCAL,false,Retail,9999999999999,5000,9999999999999,5000,-2209100125,-2209100125,,0.1,12:00PM/04:00PM,12:00PM/04:00PM,MYR,false,MYR,REINVEST ONLY,0,AFTER EOD,false,04:00PM,Option 1,1.65,,T,LOCAL,true,true,true,true,true,true,true,true,,5000,,,,,,,,
222,SUSPENDED,false,prospectus,products/222/1610106541/PKOSEF DD.pdf,annual,products/222/1610106541/PKOSEF AR.pdf,highlights,products/PKOSEF/1634023445/PKOSEF PHS.pdf,fact,products/PKOSEF/1634087846/PKOSEF FFS.pdf,KENANGA INVESTORS BERHAD,KIB,false,,MAYBANK TRUSTEES BERHAD,,PKOSEF,262,KENANGA ONEPRS SHARIAH EQUITY FUND,PRS,,true,,ACTIVE,0.5,,9.39,04:00PM,1416153600,1.5,1.5,1.5,1.5,7,EQUITY,0,,500,500,500,500,High,,0,0,9999999999999,100,false,,The Fund seeks to provide capital growth by investing in the Target Fund.,true,Unit Only,PKOSEF,0,0,0,0,1414425600,false,Unit Only,,,,LOCAL,false,Retail,0,0,9999999999999,1000,-2209100125,-2209100125,RM25 per transactions,0.015,12:00PM/04:00PM,12:00PM/04:00PM,MYR,false,MYR,REINVEST ONLY,0,AFTER EOD,false,04:00PM,Option 1,1.55,,T,PRS LOCAL,true,true,true,true,true,true,true,true,,500,100,100,,,,,,
298,SUSPENDED,false,prospectus,products/298/1610106541/KSWF1 IM.pdf,highlights,products/298/1610106541/KSWF1 PHS.pdf,,,,,KENANGA INVESTORS BERHAD,KIB,false,,RHB TRUSTEES BERHAD,,KSWFS1,339,KENANGA SUKUK WHOLESALE FUND – SERIES 1,WSF,,true,,,,,6.82,11:00AM,1426521600,0,0,0,0,7,FIXED INCOME,0,,10000,0,1,10000,Low,,0,0,9999999999999,10000,true,,The Fund seeks to generate returns through investments in sukuk.,false,Unit Only,KSWF1,0,0,0,0,1426435200,false,Unit Only,,,,LOCAL,false,Wholesale,0,0,9999999999999,50000,-2209100125,-2209100125,,0.04,11:00AM,11:00AM,MYR,false,MYR,AS PER INVESTOR'S  INSTRUCTION,50,AFTER EOD,false,11:00AM,Option 1,0.6,,T,PRS FOREIGN,true,true,true,true,true,true,true,true,,1,,,,,,,,
313,SUSPENDED,false,prospectus,products/313/1610106541/KATTRF PI.pdf,highlights,products/313/1610106541/KATTRF PHS.pdf,annual,products/313/1610106541/KATTRF AR.pdf,fact,products/KATTRF/1635319478/KATTRF FFS.pdf,KENANGA INVESTORS BERHAD,KIB,false,,CIMB COMMERCE TRUSTEE BERHAD,,KATTRF,354,KENANGA ASEAN TACTICAL TOTAL RETURN FUND,UTF,,false,,ACTIVE,,,5.55,04:00PM,1437408000,3,1.5,5.5,1.5,7,EQUITY,0,,500,500,500,500,High,,0,0,9999999999999,100,false,,KATTRF aims to provide capital appreciation over the long-term (over 5 years) by investing in equities and equity related securities of companies in the ASEAN region.,true,Unit Only,KATTRF,0,0,0,0,1435680000,true,Unit Only,,,,GLOBAL,false,Retail,0,0,9999999999999,1000,-2209100125,-2209100125,,0.05,12:00PM/04:00PM,12:00PM/04:00PM,MYR,false,MYR,AS PER INVESTOR'S  INSTRUCTION,300,AFTER EOD,false,04:00PM,Option 1,1.7,,T+1,FOREIGN,true,true,true,true,true,true,true,true,,500,,,,,,,,
326,SUSPENDED,false,prospectus,products/326/1610106541/KICFIFRMB IM.pdf,highlights,products/326/1610106541/KICFIFRMB PHS.pdf,annual,products/326/1610106541/KICFIFRMB AR.pdf,,,KENANGA INVESTORS BERHAD,KIB,false,,CIMB COMMERCE TRUSTEE BERHAD,,KICFIF,372,KENANGA-ICBC CHINA FOCUS INCOME FUND,WSF,,false,,,,,1.72,10:00AM,1436889600,1.5,1.5,2,2,7,BALANCE,0,,50000,9999999999999,0,50000,Medium,,0,0,9999999999999,50000,true,,The Fund seeks to provide long-term capital growth by investing in the Target Fund.,false,Unit Only,KICFIFRMB,0,0,0,0,1435161600,true,Unit Only,,,,GLOBAL,false,Wholesale,0,0,9999999999999,100000,-2209100125,-2209100125,,0.05,10:00AM,10:00AM,RMB,false,RMB,REINVEST ONLY,0,AFTER EOD,false,10:00AM,Option 1,1.5,,T+1,FOREIGN,true,true,true,true,true,true,true,true,,0,,,,,,,,
327,SUSPENDED,false,prospectus,products/327/1610106541/KICFIFUSD IM.pdf,highlights,products/327/1610106541/KICFIFUSD PHS.pdf,annual,products/327/1610106541/KICFIFUSD AR.pdf,,,KENANGA INVESTORS BERHAD,KIB,false,,CIMB COMMERCE TRUSTEE BERHAD,,KICFIF,373,KENANGA-ICBC CHINA FOCUS INCOME FUND,WSF,,false,,,,,3.27,10:00AM,1436889600,1.5,1.5,2,2,7,BALANCE,0,,50000,9999999999999,0,50000,Medium,,0,0,9999999999999,5000,true,,The Fund seeks to provide long-term capital growth by investing in the Target Fund.,false,Unit Only,KICFIFUSD,0,0,0,0,1435161600,true,Unit Only,,,,GLOBAL,false,Wholesale,0,0,9999999999999,15000,-2209100125,-2209100125,,0.05,10:00AM,10:00AM,RMB,false,USD,REINVEST ONLY,0,AFTER EOD,false,10:00AM,Option 1,1.5,,T+1,FOREIGN,true,true,true,true,true,true,true,true,,0,,,,,,,,
334,SUSPENDED,false,prospectus,products/334/1610106541/KIIFS8 IM.pdf,highlights,products/334/1610106541/KIIFS8 PHS.pdf,,,,,KENANGA INVESTORS BERHAD,KIB,false,,CIMB ISLAMIC TRUSTEE BERHAD,,KIIFS8,380,KENANGA ISLAMIC INCOME FUND – SERIES 8,WSF,,true,,,,,9.13,11:00AM,1438272000,0,0,0,0,7,MONEY MARKET,0,,10000,9999999999999,10000,10000,Low,,0,0,9999999999999,10000,true,,The Fund seeks to provide Investors with a regular income stream while maintaining capital stability.,false,Unit Only,KIIFS8,0,0,0,0,1437321600,false,Unit Only,,,,LOCAL,false,Wholesale,0,0,9999999999999,50000,-2209100125,-2209100125,,0.02,11:00AM,11:00AM,MYR,true,MYR,AS PER INVESTOR'S  INSTRUCTION,250,AFTER EOD,false,11:00AM,Option 1,0.2,,T,LOCAL,true,true,true,true,true,true,true,true,,10000,,,,,,,,
364,SUSPENDED,false,prospectus,products/364/1610106541/KIIFS4 IM.pdf,highlights,products/364/1610106541/KIIFS4 PHS.pdf,,,,,KENANGA INVESTORS BERHAD,KIB,false,,CIMB ISLAMIC TRUSTEE BERHAD,,KIIFS4,410,KENANGA ISLAMIC INCOME FUND - SERIES 4,WSF,,true,,,,,6.44,04:00PM,1442937600,0,0,0,0,7,MONEY MARKET,0,,10000,0,0,10000,Low,,0,0,9999999999999,10000,true,,The Fund seeks to provide Unit Holders with regular income stream while maintaining capital stability.,false,Unit Only,KIIFS4,0,0,0,0,1442246400,false,Unit Only,,,,LOCAL,false,Wholesale,0,0,9999999999999,50000,-2209100125,-2209100125,,0.02,11:00AM/04:00PM,11:00AM/04:00PM,MYR,true,MYR,AS PER INVESTOR'S  INSTRUCTION,50,AFTER EOD,false,11:00AM,Option 1,0.03,,T,PRS FOREIGN,true,true,true,true,true,true,true,true,,0,,,,,,,,
369,SUSPENDED,false,prospectus,products/369/1610106541/KIIFS5 IM.pdf,highlights,products/369/1610106541/KIIFS5 PHS.pdf,,,,,KENANGA INVESTORS BERHAD,KIB,false,,CIMB ISLAMIC TRUSTEE BERHAD,,KIIFS5,415,KENANGA ISLAMIC INCOME FUND - SERIES 5,WSF,,true,,,,,8.61,11:00AM,1445875200,0,0,0,0,7,MONEY MARKET,0,,10000,0,0,0,Low,,0,0,9999999999999,10000,true,,The Fund seeks to provide Unit Holders with regular income stream while maintaining capital stability.,false,Unit Only,KIIFS5,0,0,0,0,1445184000,false,Unit Only,,,,LOCAL,false,Wholesale,0,0,9999999999999,50000,-2209100125,-2209100125,,0.02,11:00AM,11:00AM,MYR,true,MYR,AS PER INVESTOR'S  INSTRUCTION,1,AFTER EOD,false,11:00AM,Option 1,0.3,,T,PRS FOREIGN,true,true,true,true,true,true,true,true,,0,,,,,,,,
371,SUSPENDED,false,prospectus,products/371/1610106541/KIBWFS1 IM.pdf,highlights,products/371/1610106541/KIBWFS1 PHS.pdf,,,,,KENANGA INVESTORS BERHAD,KIB,false,,CIMB ISLAMIC TRUSTEE BERHAD,,KIBWFS1,417,KENANGA ISLAMIC BALANCED WHOLESALE FUND - SERIES 1,WSF,,true,,,,,2.68,11:00AM,1448553600,0,0,0,0,7,BALANCE,0,,10000,0,0,10000,Medium,,0,0,9999999999999,10000,true,,The Fund seeks to achieve returns over the medium to long-term through investments in Shariah-compliant equities and sukuk.,false,Unit Only,KIBWFS1,0,0,0,0,1447948800,false,Unit Only,,,,LOCAL,false,Wholesale,0,0,9999999999999,50000,-2209100125,-2209100125,,0.05,11:00AM,11:00AM,MYR,true,MYR,AS PER INVESTOR'S  INSTRUCTION,1,AFTER EOD,false,11:00AM,Option 1,0.3,,T,PRS FOREIGN,true,true,true,true,true,true,true,true,,0,,,,,,,,
372,SUSPENDED,false,prospectus,products/372/1610106541/KIFS2 IM.pdf,highlights,products/372/1610106541/KIFS2 PHS.pdf,annual,products/372/1610106541/KIFS2 AR.pdf,,,KENANGA INVESTORS BERHAD,KIB,false,,CIMB COMMERCE TRUSTEE BERHAD,,KIFS2,418,KENANGA INCOME FUND - SERIES 2,WSF,,false,,,,,7.88,11:00AM,1449676800,0,0,0,0,7,FIXED INCOME,0,,50000,9999999999999,0,0,Low,,0,0,9999999999999,100000,true,,The Fund seeks to provide Investors with regular income stream while maintaining capital stability.,false,Unit Only,KIFS2,0,0,0,0,1449072000,true,Unit Only,,,,LOCAL,false,Wholesale,0,0,9999999999999,100000,-2209100125,-2209100125,,0.02,11:00AM,11:00AM,MYR,true,MYR,AS PER INVESTOR'S  INSTRUCTION,1,AFTER EOD,false,11:00AM,Option 1,0.22,,T,LOCAL,true,true,true,true,true,true,true,true,,0,,,,,,,,
375,SUSPENDED,false,prospectus,products/375/1610106541/KYEF IM.pdf,highlights,products/375/1610106541/KYEF PHS.pdf,annual,products/375/1610106541/KYEF AR.pdf,,,KENANGA INVESTORS BERHAD,KIB,false,,CIMB COMMERCE TRUSTEE BERHAD,,KYEF,421,KENANGA YIELD ENHANCEMENT FUND,WSF,,false,,,,,4.03,11:00AM,1452441600,0,0,0,0,7,FIXED INCOME,0,,10000,9999999999999,0,10000,Low,,0,0,9999999999999,10000,true,,The Fund seeks to provide Investors with income and capital growth by investing into short to medium-term money market instruments and fixed income securities.,false,Unit Only,KYEF,0,0,0,0,1452441600,true,Unit Only,,,,LOCAL,false,Wholesale,0,0,9999999999999,50000,-2209100125,-2209100125,,0.02,11:00AM,11:00AM,MYR,false,MYR,AS PER INVESTOR'S  INSTRUCTION,1,AFTER EOD,false,11:00AM,Option 1,0.5,,T,LOCAL,true,true,true,true,true,true,true,true,,0,,,,,,,,
381,SUSPENDED,false,prospectus,products/381/1610106541/PKSOCF DD.pdf,annual,products/381/1610106541/PKSOCF AR.pdf,highlights,products/PKSOCF/1634023445/PKSOCF PHS.pdf,fact,products/PKSOCF/1634087846/PKSOCF FFS.pdf,KENANGA INVESTORS BERHAD,KIB,false,,CIMB ISLAMIC TRUSTEE BERHAD,>= Age 55,PKSOCF,427,KENANGA SHARIAH ONEPRS CONSERVATIVE FUND,PRS,,true,,ACTIVE,0.5,,6.83,04:00PM,1472054400,1.5,1.5,1.5,1.5,7,BALANCE,0,,500,500,500,500,Medium,,0,0,9999999999999,100,false,,The Fund aims to provide income^ whilst providing capital preservation*. ^ Income distribution (if any) will be reinvested into the Fund. * The Fund is neither a capital guaranteed fund nor a capital protected fund.,false,Unit Only,PKSOCF,0,0,0,0,1471449600,false,Unit Only,,,,LOCAL,false,Retail,0,0,9999999999999,1000,-2209100125,-2209100125,RM25 per transactions,0.02,12:00PM/04:00PM,12:00PM/04:00PM,MYR,false,MYR,REINVEST ONLY,0,AFTER EOD,false,04:00PM,Option 1,1.55,,T,PRS LOCAL,true,true,true,true,true,true,true,true,,500,100,100,,,,,,
382,SUSPENDED,false,prospectus,products/382/1610106541/PKSOMF DD.pdf,annual,products/382/1610106541/PKSOMF AR.pdf,highlights,products/PKSOMF/1634023445/PKSOMF PHS.pdf,fact,products/PKSOMF/1634087846/PKSOMF FFS.pdf,KENANGA INVESTORS BERHAD,KIB,false,,CIMB ISLAMIC TRUSTEE BERHAD,Age 45 to < Age 55,PKSOMF,428,KENANGA SHARIAH ONEPRS MODERATE FUND,PRS,,true,,ACTIVE,0.5,,6.66,04:00PM,1472054400,1.5,1.5,1.5,1.5,7,BALANCE,0,,500,500,500,500,Medium,,0,0,9999999999999,100,false,,"The Fund aims to provide income^ and capital growth over the long-term through investments in Shariah-compliant equities and sukuk. ^ Income distribution (if any) will be reinvested into the
Fund.",false,Unit Only,PKSOMF,0,0,0,0,1471449600,false,Unit Only,,,,LOCAL,false,Retail,0,0,9999999999999,1000,-2209100125,-2209100125,RM25 per transactions,0.02,12:00PM/04:00PM,12:00PM/04:00PM,MYR,false,MYR,REINVEST ONLY,0,AFTER EOD,false,04:00PM,Option 1,1.55,,T,PRS LOCAL,true,true,true,true,true,true,true,true,,500,100,100,,,,,,
383,SUSPENDED,false,prospectus,products/383/1610106541/PKSOGF DD.pdf,annual,products/383/1610106541/PKSOGF AR.pdf,highlights,products/PKSOGF/1634023445/PKSOGF PHS.pdf,fact,products/PKSOGF/1634087846/PKSOGF FFS.pdf,KENANGA INVESTORS BERHAD,KIB,false,,CIMB ISLAMIC TRUSTEE BERHAD,< Age 45,PKSOGF,429,KENANGA SHARIAH ONEPRS GROWTH FUND,PRS,,true,,ACTIVE,0.5,,1.65,04:00PM,1472054400,1.5,1.5,1.5,1.5,7,GROWTH,0,,500,500,500,500,Medium,,0,0,9999999999999,100,false,,The Fund aims to provide capital growth over the long-term through investments in Shariah compliant equities and sukuk.,false,Unit Only,PKSOGF,0,0,0,0,1471449600,false,Unit Only,,,,LOCAL,false,Retail,0,0,9999999999999,1000,-2209100125,-2209100125,RM25 per transactions,0.02,12:00PM/04:00PM,12:00PM/04:00PM,MYR,false,MYR,REINVEST ONLY,0,AFTER EOD,false,04:00PM,Option 1,1.55,,T,PRS LOCAL,true,true,true,true,true,true,true,true,,500,100,100,,,,,,
401,SUSPENDED,false,prospectus,products/401/1610106541/KAPIF PI.pdf,annual,products/401/1610106541/KAPIF AR.pdf,highlights,products/KAPIF/1634023445/KAPIF PHS.pdf,fact,products/KAPIF/1635319478/KAPIF FFS.pdf,KENANGA INVESTORS BERHAD,KIB,false,,CIMB COMMERCE TRUSTEE BERHAD,,KAPIF,447,KENANGA ASIA PACIFIC INCOME FUND,UTF,,false,,ACTIVE,,,7.26,04:00PM,1468684800,1.5,1.5,3,1.5,7,FIXED INCOME,0,,500,500,500,500,Low,,0,0,9999999999999,100,false,,"The Fund aims to provide investors with regular income by investing into fixed income securities, equities and equity related securities of companies in the Asia Pacific region.",false,Unit Only,KAPIF,0,0,0,0,1468166400,true,Unit Only,,,,GLOBAL,false,Retail,0,0,9999999999999,1000,-2209100125,-2209100125,,0.05,12:00PM/04:00PM,12:00PM/04:00PM,MYR,false,MYR,AS PER INVESTOR'S  INSTRUCTION,300,AFTER EOD,false,04:00PM,Option 1,1.5,,T+1,FOREIGN,true,true,true,true,true,true,true,true,,500,,,,,,,,
449,ACTIVE,false,,,,,,,,,KENANGA INVESTORS BERHAD,KIB,false,,RHB TRUSTEES BERHAD,,KAAIF1,497,KENANGA AUD ALTERNATIVE INCOME FUND 1,WSF,,false,,SUSPENDED,,,9.00,04:00PM,1510502400,1.5,0,1.5,1.5,6,BALANCE,0,1537804800,1000,0,0,1000,Medium,,0,0,9999999999999,1000,false,,The Fund seeks to provide income by investing in the Target Fund.,false,Unit Only,KAAIF1AUD,0,0,0,1.5,1506355200,true,Unit Only,,,,GLOBAL,true,Wholesale,0,0,9999999999999,5000,-2209100125,-2209100125,,0.03,,,AUD,false,AUD,PAYOUT ONLY,0,AFTER EOD,false,04:00PM,,0,,MONTHLY,FOREIGN,false,false,false,false,false,false,false,false,,0,,,,,,,,
450,CLOSED,false,prospectus,products/450/1610106541/KGMAFMYR IM.pdf,highlights,products/450/1610106541/KGMAFMYR PHS.pdf,annual,products/450/1610106541/KGMAFMYR AR.pdf,fact,products/KGMAFMYR/1635319478/KGMAFMYR FFS.pdf,KENANGA INVESTORS BERHAD,KIB,false,,RHB TRUSTEES BERHAD,,KGMAF,499,KENANGA GLOBAL MULTI ASSET FUND,WSF,,false,,ACTIVE,,,7.82,04:00PM,1511712000,0,0,3,1.5,7,EQUITY,0,,5000,9999999999999,0,5000,High,,0,0,9999999999999,5000,false,,The Fund seeks to provide capital appreciation by investing in the Target Fund.,false,Unit Only,KGMAFMYR,0,0,0,0,1511107200,true,Unit Only,,,,GLOBAL,false,Wholesale,0,0,9999999999999,20000,-2209100125,-2209100125,,0.08,12:00PM/04:00PM,12:00PM/04:00PM,MYR,true,MYR,AS PER INVESTOR'S  INSTRUCTION,1,AFTER EOD,false,04:00PM,Option 1,1,,WEEKLY,FOREIGN,true,true,true,true,true,true,true,true,,0,,,,,,,,
451,CLOSED,false,prospectus,products/451/1610106541/KGMAFUSD IM.pdf,highlights,products/451/1610106541/KGMAFUSD PHS.pdf,annual,products/451/1610106541/KGMAFUSD AR.pdf,fact,products/KGMAFUSD/1635319478/KGMAFUSD FFS.pdf,KENANGA INVESTORS BERHAD,KIB,false,,RHB TRUSTEES BERHAD,,KGMAF,500,KENANGA GLOBAL MULTI ASSET FUND,WSF,,false,,ACTIVE,,,9.18,04:00PM,1511712000,0,0,3,1.5,7,EQUITY,0,,1000,9999999999999,0,1000,High,,0,0,9999999999999,1000,false,,The Fund seeks to provide capital appreciation by investing in the Target Fund.,false,Unit Only,KGMAFUSD,0,0,0,0,1511107200,true,Unit Only,,,,GLOBAL,false,Wholesale,0,0,9999999999999,5000,-2209100125,-2209100125,,0.08,12:00PM/04:00PM,12:00PM/04:00PM,MYR,true,USD,AS PER INVESTOR'S  INSTRUCTION,1,AFTER EOD,false,04:00PM,Option 1,1,,WEEKLY,FOREIGN,true,true,true,true,true,true,true,true,,0,,,,,,,,
494,CLOSED,false,prospectus,products/494/1610106541/KGU1MYR IM.pdf,highlights,products/494/1610106541/KGU1MYR PHS.pdf,annual,products/494/1610106541/KGU1MYR AR.pdf,fact,products/KGU1MYR/1635319478/KGU1MYR FFS.pdf,KENANGA INVESTORS BERHAD,KIB,false,,RHB TRUSTEES BERHAD,,KGU1,546,KENANGA GLOBAL UNICORN 1,WSF,,false,,ACTIVE,,,1.21,04:00PM,1563984000,0,0,5,1.5,6,EQUITY,0,1618675200,1000,9999999999999,9999999999999,0,High,,0,0,9999999999999,50000,false,,The Fund seeks to provide capital appreciation at the end of the Fund’s maturity by investing in the Target Fund.,false,Unit Only,KGU1MYR,0,0,0,0,1560182400,true,Unit Only,,,,GLOBAL,true,Wholesale,0,0,9999999999999,100000,-2209100125,-2209100125,,0.03,12:00PM/04:00PM,12:00PM/04:00PM,MYR,true,MYR,PAYOUT ONLY,0,AFTER EOD,false,04:00PM,Option 1,1,,T+1,FOREIGN,false,false,false,false,false,false,false,false,,9999999999999,,,,,,,,
495,CLOSED,false,prospectus,products/495/1610106541/KGU1USD IM.pdf,highlights,products/495/1610106541/KGU1USD PHS.pdf,annual,products/495/1610106541/KGU1USD AR.pdf,fact,products/KGU1USD/1635319478/KGU1USD FFS.pdf,KENANGA INVESTORS BERHAD,KIB,false,,RHB TRUSTEES BERHAD,,KGU1,547,KENANGA GLOBAL UNICORN 1,WSF,,false,,ACTIVE,,,8.29,04:00PM,1563984000,0,0,5,1.5,6,EQUITY,0,1618675200,1000,9999999999999,9999999999999,0,High,,0,0,9999999999999,10000,false,,The Fund seeks to provide capital appreciation at the end of the Fund’s maturity by investing in the Target Fund.,false,Unit Only,KGU1USD,0,0,0,0,1560182400,true,Unit Only,,,,GLOBAL,true,Wholesale,0,0,9999999999999,25000,-2209100125,-2209100125,,0.03,12:00PM/04:00PM,12:00PM/04:00PM,MYR,true,USD,PAYOUT ONLY,0,AFTER EOD,false,04:00PM,Option 1,1,,T+1,FOREIGN,false,false,false,false,false,false,false,false,,9999999999999,,,,,,,,
496,SUSPENDED,false,prospectus,products/496/1610106541/LMEFII IM.pdf,highlights,products/496/1610106541/LMEFII PHS.pdf,annual,products/496/1610106541/LMEFII AR.pdf,,,KENANGA INVESTORS BERHAD,KIB,false,,MAYBANK TRUSTEES BERHAD,,KMEF2,550,KENANGA MONEYEXTRA FUND 2,WSF,,false,,,,,5.25,11:00AM,1310313600,0,0,0,0,6,FIXED INCOME,0,,10000,10000,10000,10000,Low,,0,0,9999999999999,10000,true,,The Fund seeks to provide Sophisticated Investors with a regular income stream.,false,Unit Only,LMEFII,0,0,0,0,1308585600,true,Unit Only,,,,LOCAL,false,Wholesale,0,0,9999999999999,50000,-2209100125,-2209100125,,0.05,11:00AM,11:00AM,MYR,true,MYR,REINVEST ONLY,0,AFTER EOD,false,11:00AM,Option 1,0.5,,T,LOCAL,true,true,true,true,true,true,true,true,,10000,,,,,,,,
497,CLOSED,false,prospectus,products/497/1610106541/LSLF IM.pdf,highlights,products/497/1610106541/LSLF PHS.pdf,annual,products/497/1610106541/LSLF AR.pdf,,,KENANGA INVESTORS BERHAD,KIB,false,,CIMB ISLAMIC TRUSTEE BERHAD,,KSLF,551,KENANGA SHARIAH LIQUIDITY FUND,WSF,,true,,,,,9.30,11:00AM,1394726400,0,0,0,0,6,MONEY MARKET,0,,5000,5000,5000,0,Low,,0,0,9999999999999,5000,true,,The Fund seeks to preserve capital¹ while providing steady income² by investing in short-term Islamic deposits.,false,Unit Only,LSLF,0,0,0,0,1394726400,false,Unit Only,,,,LOCAL,false,Wholesale,0,0,9999999999999,100000,-2209100125,-2209100125,,0.01,11:00AM,11:00AM,MYR,true,MYR,REINVEST ONLY,0,AFTER EOD,false,11:00AM,Option 2,0.035,,T,LOCAL,true,true,true,true,true,true,true,true,,5000,,,,,,,,
498,SUSPENDED,false,prospectus,products/498/1610106541/LSLF3 IM.pdf,highlights,products/498/1610106541/LSLF3 PHS.pdf,,,,,KENANGA INVESTORS BERHAD,KIB,false,,AMANAH RAYA TRUSTEES BERHAD,,KSLFS3,552,KENANGA SHARIAH LIQUIDITY FUND SERIES 3,WSF,,true,,,,,5.52,12:00PM,1448553600,0,0,0,0,6,MONEY MARKET,0,,5000,5000,5000,0,Low,,0,0,9999999999999,5000,true,,The Fund seeks to preserve capital¹ while providing steady income² by investing in short-term Islamic deposits.,false,Unit Only,LSLF3,0,0,0,0,1448553600,false,Unit Only,,,,GLOBAL,false,Wholesale,0,0,9999999999999,100000,-2209100125,-2209100125,,0.005,12:00PM,12:00PM,MYR,true,MYR,REINVEST ONLY,0,AFTER EOD,false,12:00PM,Option 1,0.03,,T,LOCAL,true,true,true,true,true,true,true,true,,5000,,,,,,,,
499,CLOSED,false,prospectus,products/499/1610106541/KGU2MYR IM.pdf,highlights,products/499/1610106541/KGU2MYR PHS.pdf,annual,products/KGU2MYR/1634108328/KGU2MYR AR.pdf,fact,products/KGU2MYR/1635319601/KGU2MYR FFS.pdf,KENANGA INVESTORS BERHAD,KIB,false,,RHB TRUSTEES BERHAD,,KGU2,554,KENANGA GLOBAL UNICORN 2,WSF,,false,,ACTIVE,,,1.52,04:00PM,1576684800,0,0,5,1.5,6,EQUITY,0,1675094400,1000,9999999999999,9999999999999,0,High,,0,0,9999999999999,50000,false,,The Fund seeks to provide capital appreciation at the end of the Fund’s maturity by investing in the Target Fund.,false,Unit Only,KGU2MYR,0,0,0,0,1572883200,true,Unit Only,,,,GLOBAL,true,Wholesale,0,0,9999999999999,100000,-2209100125,-2209100125,,0.03,12:00PM/04:00PM,12:00PM/04:00PM,MYR,true,MYR,PAYOUT ONLY,0,AFTER EOD,false,04:00PM,Option 1,1,,T+1,FOREIGN,false,false,false,false,false,false,false,false,,9999999999999,,,,,,,,
500,CLOSED,false,prospectus,products/500/1610106541/KGU2USD IM.pdf,highlights,products/500/1610106541/KGU2USD PHS.pdf,annual,products/KGU2USD/1634108328/KGU2USD AR.pdf,fact,products/KGU2USD/1635319601/KGU2USD FFS.pdf,KENANGA INVESTORS BERHAD,KIB,false,,RHB TRUSTEES BERHAD,,KGU2,555,KENANGA GLOBAL UNICORN 2,WSF,,false,,ACTIVE,,,7.07,04:00PM,1576684800,0,0,5,1.5,6,EQUITY,0,1675094400,1000,9999999999999,9999999999999,0,High,,0,0,9999999999999,10000,false,,The Fund seeks to provide capital appreciation at the end of the Fund’s maturity by investing in the Target Fund.,false,Unit Only,KGU2USD,0,0,0,0,1572883200,true,Unit Only,,,,GLOBAL,true,Wholesale,0,0,9999999999999,25000,-2209100125,-2209100125,,0.03,12:00PM/04:00PM,12:00PM/04:00PM,MYR,true,USD,PAYOUT ONLY,0,AFTER EOD,false,04:00PM,Option 1,1,,T+1,FOREIGN,false,false,false,false,false,false,false,false,,9999999999999,,,,,,,,
501,CLOSED,false,prospectus,products/501/1610106541/KAAIF3MYR IM.pdf,highlights,products/501/1610106541/KAAIF3MYR PHS.pdf,fact,products/KAAIF3MYR/1635319478/KAAIF3MYR FFS.pdf,,,KENANGA INVESTORS BERHAD,KIB,false,,RHB TRUSTEES BERHAD,,KAAIF3,558,KENANGA AUD ALTERNATIVE INCOME FUND 3,WSF,,false,,ACTIVE,,,4.76,04:00PM,1585756800,0,0,1,1,6,BALANCE,0,1613577600,1000,9999999999999,9999999999999,0,Medium,,0,0,9999999999999,5000,false,,"The Fund seeks to provide income* by investing in the Target Fund.
* Income will be distributed as part of the maturity proceeds at the end of the maturity of the Fund.",false,Unit Only,KAAIF3MYR,0,0,0,0,1581955200,true,Unit Only,,,,GLOBAL,true,Wholesale,0,0,9999999999999,20000,-2209100125,-2209100125,,0.03,12:00PM/04:00PM,12:00PM/04:00PM,AUD,true,MYR,PAYOUT ONLY,0,AFTER EOD,false,04:00PM,Option 1,0,,MONTHLY,FOREIGN,false,false,false,false,false,false,false,false,,9999999999999,,,,,,,,
502,CLOSED,false,prospectus,products/502/1610106541/KAAIF3AUD IM.pdf,highlights,products/502/1610106541/KAAIF3AUD PHS.pdf,fact,products/KAAIF3AUD/1635319478/KAAIF3AUD FFS.pdf,,,KENANGA INVESTORS BERHAD,KIB,false,,RHB TRUSTEES BERHAD,,KAAIF3,559,KENANGA AUD ALTERNATIVE INCOME FUND 3,WSF,,false,,ACTIVE,,,8.98,04:00PM,1585756800,0,0,1,1,6,BALANCE,0,1613577600,1000,99999999999,9999999999999,0,Medium,,0,0,9999999999,1000,false,,"The Fund seeks to provide income* by investing in the Target Fund.
* Income will be distributed as part of the maturity proceeds at the end of the maturity of the Fund.",false,Unit Only,KAAIF3AUD,0,0,0,0,1581955200,true,Unit Only,,,,,true,Wholesale,0,0,9999999999,5000,-2209100125,-2209100125,,0.03,12:00PM/04:00PM,12:00PM/04:00PM,AUD,true,AUD,PAYOUT ONLY,0,AFTER EOD,false,04:00PM,Option 1,0,,MONTHLY,FOREIGN,false,false,false,false,false,false,false,false,,9999999999999,,,,,,,,
503,CLOSED,false,,,,,,,,,KENANGA INVESTORS BERHAD,KIB,,0.75,BASED ON INDIVIDUAL FUNDS,,AMP 1,,AMP 1,AMP,,false,,ACTIVE,,,4.59,04:00PM,1297296000,3.00,1.50,3.00,3.00,0,CONSERVATIVE,0.00,,5000.00,5000.00,,0.00,LOW,,,,9999999999.00,1000.00,false,,"The portfolio seeks to deliver potential consistent return through investments in Kenanga Investors Berhad approved money market, fixed income and equities funds.",true,Amount Only,,0,0,0,0,1297296000,true,Amount Only,,,,,false,Retail,,,9999999999.00,5000.00,-2209013206,-2209013206,,,12:00PM/04:00PM,12:00PM/04:00PM,,false,,,None,,,,,,,,,true,true,true,true,true,true,true,false,,,,,Kenanga Income Plus Fund,,,,1000.00,5000.00
504,CLOSED,false,,,,,,,,,KENANGA INVESTORS BERHAD,KIB,,0.75,BASED ON INDIVIDUAL FUNDS,,AMP 2,,AMP 2,AMP,,false,,ACTIVE,,,7.42,04:00PM,1242259200,3.00,1.50,3.00,3.00,0,MODERATE,0.00,,5000.00,5000.00,,0.00,MEDIUM,,,,9999999999.00,1000.00,false,,"The portfolio seeks to deliver potential consistent return through investments in Kenanga Investors Berhad approved money market, fixed income and equities funds.",true,Amount Only,,0,0,0,0,1242259200,true,Amount Only,,,,,false,Retail,,,9999999999.00,5000.00,-2209013206,-2209013206,,,12:00PM/04:00PM,12:00PM/04:00PM,,false,,,None,,,,,,,,,true,true,true,true,true,true,true,false,,,,,Kenanga Growth Fund,,,,1000.00,5000.00
505,ACTIVE,true,,,,,,,,,KENANGA INVESTORS BERHAD,KIB,,0.75,BASED ON INDIVIDUAL FUNDS,,AMP 2 E,,AMP 2 E,AMP,,false,,ACTIVE,,,9.67,04:00PM,1242259200,3.00,1.50,3.00,3.00,0,MODERATE,0.00,,5000.00,5000.00,,0.00,MEDIUM,,9999999999.00,1000.00,,,false,,"The portfolio seeks to deliver potential consistent return through investments in Kenanga Investors Berhad approved money market, fixed income and equities funds. These funds qualified under EPF Member's Investment Scheme.",false,Amount Only,,0,0,0,0,1242259200,true,Amount Only,,,,,false,Retail,9999999999.00,1000.00,,,-2209013206,-2209013206,,,12:00PM/04:00PM,12:00PM/04:00PM,,false,,,None,,,,,,,,,true,false,true,false,true,false,true,false,,,,,Kenanga Growth Fund,,1000.00,1000.00,,
506,ACTIVE,true,,,,,,,,,KENANGA INVESTORS BERHAD,KIB,,0.75,BASED ON INDIVIDUAL FUNDS,,AMP 2 Ei,,AMP 2 Ei,AMP,,true,,ACTIVE,,,8.02,04:00PM,1483401600,3.00,1.50,3.00,3.00,0,MODERATE,0.00,,5000.00,5000.00,,0.00,MEDIUM,,9999999999.00,1000.00,,,false,,"To deliver consistent potential return through investments in Kenanga Investors Berhad approved money market, fixed income and equity unit trust funds.",false,Amount Only,,0,0,0,0,1483401600,false,Amount Only,,,,,false,Retail,9999999999.00,1000.00,,,-2209013206,-2209013206,,,12:00PM/04:00PM,12:00PM/04:00PM,,false,,,None,,,,,,,,,true,false,true,false,true,false,true,false,,,,,Kenanga Syariah Growth Fund,,1000.00,1000.00,,
507,CLOSED,false,,,,,,,,,KENANGA INVESTORS BERHAD,KIB,,0.75,BASED ON INDIVIDUAL FUNDS,,Shariah AMP 2,,Shariah AMP 2,AMP,,true,,ACTIVE,,,2.99,04:00PM,1297296000,3.00,1.50,3.00,3.00,0,MODERATE,0.00,,5000.00,5000.00,,0.00,MEDIUM,,,,9999999999.00,1000.00,false,,"The portfolio seeks to deliver potential consistent return through investments in Kenanga Investors Berhad approved money market, fixed income and equities funds.",true,Amount Only,,0,0,0,0,1297296000,false,Amount Only,,,,,false,Retail,,,9999999999.00,5000.00,-2209013206,-2209013206,,,12:00PM/04:00PM,12:00PM/04:00PM,,false,,,None,,,,,,,,,true,true,true,true,true,true,true,false,,,,,Kenanga Syariah Growth Fund,,,,1000.00,5000.00
508,CLOSED,false,fact,products/LCARE/1634087846/LCARE FFS.pdf,annual,products/LCARE/1635231619/LCARE AR.pdf,highlights,products/LCARE/1635231645/LCARE PHS.pdf,,,KENANGA INVESTORS BERHAD,KIB,false,,CIMB COMMERCE TRUSTEE BERHAD,,KGGF,678,KENANGA GLOBAL GROWTH FUND,UTF,,false,,Active,,,,04:00PM,1112803200,0,0,5,1.5,7,EQUITY,0,,2000,2000,5000,5000,High,0,0,0,9999999999999,1000,false,,"The Fund seeks to achieve capital growth over a medium to long term period by investing primarily in equities and equity-related securities traded globally. The Fund may also invest in fixed income securities, structured products and money market instruments.",true,Unit Only,LCARE,0,0,0,0,1111075200,true,Unit Only,,,,GLOBAL,false,Retail,0,0,9999999999999,5000,-2209100125,-2209100125,,0.08,12:00PM/04:00PM,12:00PM/04:00PM,MYR,false,MYR,REINVEST ONLY,0,AFTER EOD,false,04:00PM,Option 1,1.75,,T+1,FOREIGN,true,true,true,true,true,true,true,true,,,,,,,,,,
509,SUSPENDED,false,fact,products/KIF/1634087846/KIF FFS.pdf,annual,products/KIF/1635231619/KIF AR.pdf,highlights,products/KIF/1635231645/KIF PHS.pdf,,,KENANGA INVESTORS BERHAD,KIB,false,,UNIVERSAL TRUSTEE (MALAYSIA) BERHAD,,KGIF,679,KENANGA GLOBAL ISLAMIC FUND,UTF,,true,,Active,,,,04:00PM,1340985600,0,0,5.5,1.5,7,EQUITY,0,,500,500,500,500,High,0,0,0,9999999999999,100,false,,KIF aims to achieve steady capital growth and income distribution (incidental) over the medium to long-term period by investing in a diversified portfolio in accordance with accepted Shariah principles.,false,Unit Only,KIF,0,0,0,0,1340985600,false,Unit Only,,,,LOCAL,false,Retail,0,0,9999999999999,1000,-2209100125,-2209100125,,0.05,12:00PM/04:00PM,12:00PM/04:00PM,MYR,false,MYR,AS PER INVESTOR'S  INSTRUCTION,250,AFTER EOD,false,04:00PM,Option 1,1.9,,T,FOREIGN,true,true,true,true,true,true,true,true,,,,,,,,,,
652,CLOSED,false,,,,,,,,,KENANGA INVESTORS BERHAD,KIB,false,,RHB TRUSTEES BERHAD,,KWAF,677,Kenanga Waqf Al-Ihsan Fund,UTF,,true,,Active,0.5,,,04:00PM,1619971200,0,0,5,0,6,MIXED ASSET,0,,500,500,0,500,Medium,0,0,0,9999999999999,100,false,,"The Fund aims to primarily provide income distribution as well as achieve capital growth by investing in a diversified portfolio in accordance with Shariah requirements, and channel a portion of the income distribution of the Fund for waqf purposes.",false,Unit Only,KWAF,0,0,0,0,1618243200,false,Unit Only,,,,Local,false,Retail Fund,0,0,9999999999999,1000,-2209100125,-2209100125,,0.1,12:00PM/04:00PM,12:00PM/04:00PM,MYR,false,MYR,AS PER INVESTOR'S  INSTRUCTION,0,After EOD,false,04:00PM,Option 1,1.5,,T+1,LOCAL,true,true,true,true,true,true,true,true,,,,,,,,,,
653,CLOSED,false,,,,,,,,,KENANGA INVESTORS BERHAD,KIB,false,,RHB TRUSTEES BERHAD,,KSSFF,724,KENANGA SUSTAINABILITY SERIES FRONTIER FUND,WSF,,false,,Active,1,,,04:00PM,1638460800,0,0,5,0,6,Equity,0,1735574400,1000,9999999999999,9999999999999,5000,High,0,0,0,9999999999999,1000,false,,The Fund seeks to provide capital appreciation at the end of the Fund’s maturity by investing in the Target Fund.,false,Unit Only,KSSFFUSD,0,0,0,0,1635264000,true,Unit Only,,,,GLOBAL,true,Wholesale,0,0,9999999999999,5000,-2209100125,-2209100125,,0.03,12:00PM/04:00PM,12:00PM/04:00PM,USD,true,USD,PAYOUT ONLY,0,AFTER EOD,false,04:00PM,Option 1,1.8,,T+1,GLOBAL,false,false,false,false,false,false,false,false,,,,,,,,,,
654,CLOSED,false,,,,,,,,,KENANGA INVESTORS BERHAD,KIB,false,,RHB TRUSTEES BERHAD,,KSSFF,723,KENANGA SUSTAINABILITY SERIES FRONTIER FUND,WSF,,false,,Active,1,,,04:00PM,1638460800,0,0,5,0,6,Equity,0,1735574400,1000,9999999999999,9999999999999,25000,High,0,0,0,9999999999999,5000,false,,The Fund seeks to provide capital appreciation at the end of the Fund’s maturity by investing in the Target Fund.,false,Unit Only,KSSFFMYR,0,0,0,0,1635264000,true,Unit Only,,,,GLOBAL,true,Wholesale,0,0,9999999999999,25000,-2209100125,-2209100125,,0.03,12:00PM/04:00PM,12:00PM/04:00PM,USD,true,MYR,PAYOUT ONLY,0,AFTER EOD,false,04:00PM,Option 1,1.8,,T+1,GLOBAL,false,false,false,false,false,false,false,false,,,,,,,,,,
